Boss,Game,Relation
World,Super Mario Bros.,BOSS_IN
World,Mario Party: Star Rush,BOSS_IN
World,Mario vs. Donkey Kong,BOSS_IN
World,Super Mario Bros.: The Lost Levels,BOSS_IN
World,Mario Party: The Top 100,BOSS_IN
World,Mario vs. Donkey Kong 2: March of the Minis,BOSS_IN
World,Super Mario Bros. 2,BOSS_IN
World,Super Mario Party,BOSS_IN
World,Mario vs. Donkey Kong: Minis March Again!,BOSS_IN
World,Super Mario Bros. 3,BOSS_IN
World,Mario vs. Donkey Kong: Mini-Land Mayhem!,BOSS_IN
World,Super Mario Land,BOSS_IN
World,Mario and Donkey Kong: Minis on the Move,BOSS_IN
World,Super Mario World,BOSS_IN
World,Mario vs. Donkey Kong: Tipping Stars,BOSS_IN
World,Super Mario Land 2: 6 Golden Coins,BOSS_IN
World,Mini Mario & Friends: amiibo Challenge,BOSS_IN
World,New Super Mario Bros.,BOSS_IN
World,Super Mario Galaxy,BOSS_IN
World,New Super Mario Bros. Wii,BOSS_IN
World,Super Mario Galaxy 2,BOSS_IN
World,Super Mario 3D Land,BOSS_IN
World,New Super Mario Bros. 2,BOSS_IN
World,New Super Mario Bros. U / New Super Luigi U / New Super Mario Bros. U Deluxe,BOSS_IN
World,Super Mario 3D World / Super Mario 3D World + Bowser's Fury,BOSS_IN
World,Super Mario Run,BOSS_IN
World,Super Mario Bros. Wonder,BOSS_IN
Boom Boom,Super Mario Bros. 3 / Super Mario All-Stars / Super Mario Advance 4: Super Mario Bros. 3,BOSS_IN
Boom Boom,Super Mario Party,BOSS_IN
Boom Boom,Super Mario 3D Land,BOSS_IN
Boom Boom,Super Mario Party Jamboree,BOSS_IN
Boom Boom,New Super Mario Bros. U / New Super Luigi U / New Super Mario Bros. U Deluxe,BOSS_IN
Boom Boom,Super Mario 3D World / Super Mario 3D World + Bowser's Fury,BOSS_IN
Boom Boom,Super Mario Run,BOSS_IN
Boom Boom,Super Mario Maker 2,BOSS_IN
Lemmy,Super Mario Bros. 3 / Super Mario Advance 4: Super Mario Bros. 3,BOSS_IN
Lemmy,Mario Kart 8 / Mario Kart 8 Deluxe,BOSS_IN
Lemmy,Mario & Luigi: Superstar Saga,BOSS_IN
Lemmy,Super Smash Bros. for Nintendo 3DS / Wii U,BOSS_IN
Lemmy,Super Mario World / Super Mario World: Super Mario Advance 2,BOSS_IN
Lemmy,Mario Kart Tour,BOSS_IN
Lemmy,Mario & Luigi: Paper Jam,BOSS_IN
Lemmy,Super Smash Bros. Ultimate,BOSS_IN
Lemmy,New Super Mario Bros. Wii,BOSS_IN
Lemmy,Mario Kart Live: Home Circuit,BOSS_IN
Lemmy,Mario & Luigi: Superstar Saga + Bowser's Minions,BOSS_IN
Lemmy,New Super Mario Bros. 2,BOSS_IN
Lemmy,Mario & Luigi: Bowser's Inside Story + Bowser Jr.'s Journey,BOSS_IN
Lemmy,New Super Mario Bros. U / New Super Luigi U / New Super Mario Bros. U Deluxe,BOSS_IN
Lemmy,Super Mario Maker 2,BOSS_IN
Antasma,Mario & Luigi: Dream Team,BOSS_IN
Antasma,Mario & Luigi: Paper Jam,BOSS_IN
Black Shy Guy,Mario Kart DS,BOSS_IN
Black Shy Guy,Mario Kart 8 / Mario Kart 8 Deluxe,BOSS_IN
Black Shy Guy,Mario Kart Tour,BOSS_IN
Big Boo,Super Mario World,BOSS_IN
Big Boo,Mario & Luigi: Superstar Saga + Bowser's Minions,BOSS_IN
Big Boo,Super Mario 64 / Super Mario 64 DS,BOSS_IN
Big Boo,Mario & Luigi: Bowser's Inside Story + Bowser Jr.'s Journey,BOSS_IN
Big Boo,Super Mario Sunshine,BOSS_IN
Big Boo,Super Mario Advance 4: Super Mario Bros. 3,BOSS_IN
Big Boo,Super Mario Galaxy,BOSS_IN
Big Boo,New Super Mario Bros. Wii,BOSS_IN
Big Boo,Super Mario Galaxy 2,BOSS_IN
Big Boo,Super Mario 3D Land,BOSS_IN
Big Boo,New Super Mario Bros. 2,BOSS_IN
Big Boo,New Super Mario Bros. U / New Super Luigi U / New Super Mario Bros. U Deluxe,BOSS_IN
Big Boo,Super Mario 3D World / Super Mario 3D World + Bowser's Fury,BOSS_IN
Big Boo,Super Mario Maker subseries,BOSS_IN
Big Blooper,Mario Party 6,BOSS_IN
Big Blooper,Mario Party 7,BOSS_IN
Big Blooper,Mario Party 9,BOSS_IN
Big Blooper,Mario Party 10,BOSS_IN
Big Blooper,Mario Party: Star Rush,BOSS_IN
Big Blooper,Super Mario Party,BOSS_IN
Big Boo (character),Super Mario 64 / Super Mario 64 DS,BOSS_IN
Big Boo (character),Mario Party,BOSS_IN
Big Boo (character),Super Mario Sunshine,BOSS_IN
Big Boo (character),Mario Party 2,BOSS_IN
Big Boo (character),Mario Party 4,BOSS_IN
Big Buzzy Beetle,New Super Mario Bros. U,BOSS_IN
Big Buzzy Beetle,Super Mario Maker / Super Mario Maker for Nintendo 3DS / Super Mario Maker 2,BOSS_IN
Big Chain Chomp,New Super Mario Bros. Wii,BOSS_IN
Big Chain Chomp,New Super Mario Bros. 2,BOSS_IN
Big Chain Chomp,Super Mario Maker / Super Mario Maker for Nintendo 3DS,BOSS_IN
Big Chain Chomp,Super Mario Odyssey,BOSS_IN
Big Chain Chomp,Super Mario Maker 2,BOSS_IN
Big Fire Piranha,Super Mario 64 / Super Mario 64 DS,BOSS_IN
Big Fire Piranha,New Super Mario Bros. Wii,BOSS_IN
Big Fire Piranha,New Super Mario Bros. 2,BOSS_IN
Big Fire Piranha,New Super Luigi U / New Super Mario Bros. U Deluxe,BOSS_IN
Big Fire Piranha,Super Mario Maker / Super Mario Maker for Nintendo 3DS,BOSS_IN
Big Fire Piranha,Super Mario Maker 2,BOSS_IN
Big Fire Piranha,Super Mario Bros. Wonder,BOSS_IN
Big Lava Bubble,Super Mario Maker / Super Mario Maker for Nintendo 3DS,BOSS_IN
Big Lava Bubble,Super Mario Maker 2,BOSS_IN
Big Cheep Cheep,Super Mario Bros. 3,BOSS_IN
Big Cheep Cheep,Super Mario Kart,BOSS_IN
Big Cheep Cheep,Mario Party 5,BOSS_IN
Big Cheep Cheep,New Super Mario Bros.,BOSS_IN
Big Cheep Cheep,Mario Kart 64,BOSS_IN
Big Cheep Cheep,Mario Party 7,BOSS_IN
Big Cheep Cheep,New Super Mario Bros. Wii,BOSS_IN
Big Cheep Cheep,Mario Kart: Super Circuit,BOSS_IN
Big Cheep Cheep,Mario Party 8,BOSS_IN
Big Cheep Cheep,New Super Mario Bros. 2,BOSS_IN
Big Cheep Cheep,Mario Kart: Double Dash!!,BOSS_IN
Big Cheep Cheep,Mario Party DS,BOSS_IN
Big Cheep Cheep,New Super Mario Bros. U / New Super Luigi U / New Super Mario Bros. U Deluxe,BOSS_IN
Big Cheep Cheep,Mario Kart Wii,BOSS_IN
Big Cheep Cheep,Mario Party 10,BOSS_IN
Big Cheep Cheep,Super Mario Maker series,BOSS_IN
Big Cheep Cheep,Mario Kart Tour,BOSS_IN
Big Cheep Cheep,Super Mario Party,BOSS_IN
Big Cheep Cheep,Mario Party Superstars,BOSS_IN
Mega Goomba,Super Mario Bros. 3,BOSS_IN
Mega Goomba,Mario Party 10,BOSS_IN
Mega Goomba,Super Mario 64 / Super Mario 64 DS,BOSS_IN
Mega Goomba,Mario Party: Star Rush,BOSS_IN
Mega Goomba,New Super Mario Bros.,BOSS_IN
Mega Goomba,Super Mario Galaxy,BOSS_IN
Mega Goomba,New Super Mario Bros. Wii,BOSS_IN
Mega Goomba,Super Mario Galaxy 2,BOSS_IN
Mega Goomba,Super Mario 3D Land,BOSS_IN
Mega Goomba,New Super Mario Bros. U,BOSS_IN
Mega Goomba,Super Mario Maker / Super Mario Maker for Nintendo 3DS / Super Mario Maker 2,BOSS_IN
Mega Goomba,Super Mario Bros. Wonder,BOSS_IN
Big Monty Mole,Super Mario Maker / Super Mario Maker for Nintendo 3DS,BOSS_IN
Big Monty Mole,Mario Party 10,BOSS_IN
Big Monty Mole,Super Mario Maker 2,BOSS_IN
Big Monty Mole,Mario Party: Star Rush,BOSS_IN
Big Spiny,Super Mario Maker / Super Mario Maker for Nintendo 3DS / Super Mario Maker 2,BOSS_IN
Big Spiny,Super Mario Run,BOSS_IN
Birdo,Yume Kōjō: Doki Doki Panic / Super Mario Bros. 2 / Super Mario Advance ,BOSS_IN
Birdo,Mario Kart: Double Dash!!,BOSS_IN
Birdo,Mario Party 7,BOSS_IN
Birdo,Mario & Luigi: Superstar Saga / Mario & Luigi: Superstar Saga + Bowser's Minions,BOSS_IN
Birdo,BS Super Mario USA,BOSS_IN
Birdo,Mario Kart Arcade GP 2,BOSS_IN
Birdo,Mario Party 8,BOSS_IN
Birdo,Mario & Luigi: Brothership,BOSS_IN
Birdo,Super Mario Maker,BOSS_IN
Birdo,Mario Kart Wii,BOSS_IN
Birdo,Mario Party Fushigi no Korokoro Catcher / Mario Party Challenge World,BOSS_IN
Birdo,Super Mario Maker 2,BOSS_IN
Birdo,Mario Kart 7,BOSS_IN
Birdo,Mario Party 9,BOSS_IN
Birdo,Mario Kart 8 / Mario Kart 8 Deluxe,BOSS_IN
Birdo,Mario Party: Island Tour,BOSS_IN
Birdo,Mario Kart Tour,BOSS_IN
Birdo,Super Mario Party,BOSS_IN
Birdo,Mario Kart World,BOSS_IN
Birdo,Mario Party Superstars,BOSS_IN
Birdo,Super Mario Party Jamboree,BOSS_IN
Blooper,Super Mario Bros. / Super Mario Bros.: The Lost Levels,BOSS_IN
Blooper,Mario Kart DS,BOSS_IN
Blooper,Mario Party,BOSS_IN
Blooper,Mario & Luigi: Superstar Saga / Mario & Luigi: Superstar Saga + Bowser's Minions,BOSS_IN
Blooper,Super Mario Bros. 3 / Super Mario Advance 4: Super Mario Bros. 3,BOSS_IN
Blooper,Mario Kart Wii,BOSS_IN
Blooper,Mario Party 2,BOSS_IN
Blooper,Mario & Luigi: Bowser's Inside Story / Mario & Luigi: Bowser's Inside Story + Bowser Jr.'s Journey,BOSS_IN
Blooper,Super Mario Sunshine,BOSS_IN
Blooper,Mario Kart 7,BOSS_IN
Blooper,Mario Party 3,BOSS_IN
Blooper,Mario & Luigi: Dream Team,BOSS_IN
Blooper,New Super Mario Bros.,BOSS_IN
Blooper,Mario Kart 8 / Mario Kart 8 Deluxe,BOSS_IN
Blooper,Mario Party 4,BOSS_IN
Blooper,Mario & Luigi: Paper Jam,BOSS_IN
Blooper,Super Mario Galaxy,BOSS_IN
Blooper,Mario Kart Tour,BOSS_IN
Blooper,Mario Party 6,BOSS_IN
Blooper,Mario & Luigi: Brothership,BOSS_IN
Blooper,New Super Mario Bros. Wii,BOSS_IN
Blooper,Mario Kart World,BOSS_IN
Blooper,Mario Party Advance,BOSS_IN
Blooper,Super Mario Galaxy 2,BOSS_IN
Blooper,Mario Party 8,BOSS_IN
Blooper,Super Mario 3D Land,BOSS_IN
Blooper,Mario Party DS,BOSS_IN
Blooper,New Super Mario Bros. 2,BOSS_IN
Blooper,Mario Party 9,BOSS_IN
Blooper,New Super Mario Bros. U / New Super Luigi U / New Super Mario Bros. U Deluxe,BOSS_IN
Blooper,Mario Party: Island Tour,BOSS_IN
Blooper,Super Mario 3D World / Super Mario 3D World + Bowser's Fury,BOSS_IN
Blooper,Mario Party 10,BOSS_IN
Blooper,Super Mario Maker subseries,BOSS_IN
Blooper,Mario Party: Star Rush,BOSS_IN
Blooper,Super Mario Run,BOSS_IN
Blooper,Mario Party: The Top 100,BOSS_IN
Blooper,Super Mario Odyssey,BOSS_IN
Blooper,Super Mario Party,BOSS_IN
Blooper,Mario Party Superstars,BOSS_IN
Blooper,Super Mario Party Jamboree,BOSS_IN
Boomerang Bro,Super Mario Bros. 3,BOSS_IN
Boomerang Bro,Mario Kart 8,BOSS_IN
Boomerang Bro,Mario & Luigi: Superstar Saga / Mario & Luigi: Superstar Saga + Bowser's Minions,BOSS_IN
Boomerang Bro,New Super Mario Bros.,BOSS_IN
Boomerang Bro,Mario Kart Tour,BOSS_IN
Boomerang Bro,Mario & Luigi: Dream Team,BOSS_IN
Boomerang Bro,New Super Mario Bros. Wii,BOSS_IN
Boomerang Bro,Mario & Luigi: Paper Jam,BOSS_IN
Boomerang Bro,Super Mario Galaxy 2,BOSS_IN
Boomerang Bro,Mario & Luigi: Bowser's Inside Story + Bowser Jr.'s Journey,BOSS_IN
Boomerang Bro,Super Mario 3D Land,BOSS_IN
Boomerang Bro,New Super Mario Bros. 2,BOSS_IN
Boomerang Bro,New Super Mario Bros. U / New Super Luigi U / New Super Mario Bros. U Deluxe,BOSS_IN
Boomerang Bro,Super Mario 3D World / Super Mario 3D World + Bowser's Fury,BOSS_IN
Boss Sumo Bro,New Super Mario Bros. U / New Super Luigi U / New Super Mario Bros. U Deluxe,BOSS_IN
Bowser Statue,Super Mario Bros. 3,BOSS_IN
Bowser Statue,Mario Kart 64,BOSS_IN
Bowser Statue,Mario & Luigi: Bowser's Inside Story,BOSS_IN
Bowser Statue,Super Mario World,BOSS_IN
Bowser Statue,Mario Kart: Double Dash!!,BOSS_IN
Bowser Statue,Mario & Luigi: Dream Team,BOSS_IN
Bowser Statue,New Super Mario Bros.,BOSS_IN
Bowser Statue,Mario Kart Wii,BOSS_IN
Bowser Statue,Super Mario Galaxy,BOSS_IN
Bowser Statue,Mario Kart 8 / Mario Kart 8 Deluxe,BOSS_IN
Bowser Statue,Super Mario Galaxy 2,BOSS_IN
Bowser Statue,New Super Mario Bros. 2,BOSS_IN
Bowser Statue,Super Mario 3D World / Super Mario 3D World + Bowser's Fury,BOSS_IN
Bowser Statue,Super Mario Maker / Super Mario Maker for Nintendo 3DS,BOSS_IN
Bowser Statue,Super Mario Odyssey,BOSS_IN
Bowser Statue,Super Mario Maker 2,BOSS_IN
Bowser Statue,Super Mario Bros. Wonder,BOSS_IN
Bowser Jr.,Super Mario Sunshine,BOSS_IN
Bowser Jr.,Mario Kart: Double Dash!!,BOSS_IN
Bowser Jr.,Mario Party DS,BOSS_IN
Bowser Jr.,Mario & Luigi: Dream Team,BOSS_IN
Bowser Jr.,Super Smash Bros. Brawl,BOSS_IN
Bowser Jr.,New Super Mario Bros.,BOSS_IN
Bowser Jr.,Mario Kart Arcade GP/Mario Kart Arcade GP 2,BOSS_IN
Bowser Jr.,Mario Party 9,BOSS_IN
Bowser Jr.,Mario & Luigi: Paper Jam,BOSS_IN
Bowser Jr.,Super Smash Bros. for Nintendo 3DS / Super Smash Bros. for Wii U,BOSS_IN
Bowser Jr.,Super Mario Galaxy,BOSS_IN
Bowser Jr.,Mario Kart Wii,BOSS_IN
Bowser Jr.,Mario Party: Island Tour,BOSS_IN
Bowser Jr.,Mario & Luigi: Superstar Saga + Bowser's Minions,BOSS_IN
Bowser Jr.,Super Smash Bros. Ultimate,BOSS_IN
Bowser Jr.,New Super Mario Bros. Wii,BOSS_IN
Bowser Jr.,Mario Kart Arcade GP DX,BOSS_IN
Bowser Jr.,Mario Party 10,BOSS_IN
Bowser Jr.,Mario & Luigi: Bowser's Inside Story + Bowser Jr.'s Journey,BOSS_IN
Bowser Jr.,Super Mario Galaxy 2,BOSS_IN
Bowser Jr.,Mario Kart 8 / Mario Kart 8 Deluxe,BOSS_IN
Bowser Jr.,Mario Party: Star Rush,BOSS_IN
Bowser Jr.,Mario & Luigi: Brothership,BOSS_IN
Bowser Jr.,New Super Mario Bros. U / New Super Luigi U / New Super Mario Bros. U Deluxe,BOSS_IN
Bowser Jr.,Mario Kart Tour,BOSS_IN
Bowser Jr.,Mario Party: The Top 100,BOSS_IN
Bowser Jr.,Super Mario Maker / Super Mario Maker for Nintendo 3DS,BOSS_IN
Bowser Jr.,Mario Kart Live: Home Circuit,BOSS_IN
Bowser Jr.,Super Mario Party,BOSS_IN
Bowser Jr.,Super Mario Maker 2,BOSS_IN
Bowser Jr.,Mario Kart World,BOSS_IN
Bowser Jr.,Mario Party Superstars,BOSS_IN
Bowser Jr.,Super Mario 3D World + Bowser's Fury,BOSS_IN
Bowser Jr.,Super Mario Party Jamboree / Super Mario Party Jamboree – Nintendo Switch 2 Edition + Jamboree TV,BOSS_IN
Bowser Jr.,Super Mario Bros. Wonder,BOSS_IN
Bowser's Castle,Super Mario Bros. / Super Mario Bros.: The Lost Levels,BOSS_IN
Bowser's Castle,Mario & Luigi: Superstar Saga / Mario & Luigi: Superstar Saga + Bowser's Minions,BOSS_IN
Bowser's Castle,Super Mario Bros. 3,BOSS_IN
Bowser's Castle,Mario & Luigi: Partners in Time,BOSS_IN
Bowser's Castle,Super Mario World,BOSS_IN
Bowser's Castle,Mario & Luigi: Bowser's Inside Story / Mario & Luigi: Bowser's Inside Story + Bowser Jr.'s Journey,BOSS_IN
Bowser's Castle,New Super Mario Bros.,BOSS_IN
Bowser's Castle,Mario & Luigi: Dream Team,BOSS_IN
Bowser's Castle,New Super Mario Bros. Wii,BOSS_IN
Bowser's Castle,Mario & Luigi: Paper Jam,BOSS_IN
Bowser's Castle,Super Mario Galaxy 2,BOSS_IN
Bowser's Castle,Mario & Luigi: Brothership,BOSS_IN
Bowser's Castle,Super Mario 3D Land,BOSS_IN
Bowser's Castle,New Super Mario Bros. 2,BOSS_IN
Bowser's Castle,New Super Mario Bros. U,BOSS_IN
Bowser's Castle,Super Mario 3D World / Super Mario 3D World + Bowser's Fury,BOSS_IN
Bowser's Castle,Super Mario Maker / Super Mario Maker for Nintendo 3DS,BOSS_IN
Bowser's Castle,Super Mario Run,BOSS_IN
Bowser's Castle,Super Mario Odyssey,BOSS_IN
Bowser's Castle,Super Mario Maker 2,BOSS_IN
Bowser's Castle,Super Mario Bros. Wonder,BOSS_IN
Cackletta,Mario & Luigi: Superstar Saga / Mario & Luigi: Superstar Saga + Bowser's Minions,BOSS_IN
Cackletta,Mario & Luigi: Bowser's Inside Story / Mario & Luigi: Bowser's Inside Story + Bowser Jr.'s Journey,BOSS_IN
Chargin' Chuck,Super Mario World / Super Mario World: Super Mario Advance 2,BOSS_IN
Chargin' Chuck,Mario Kart Tour,BOSS_IN
Chargin' Chuck,Super Mario Party,BOSS_IN
Chargin' Chuck,Mario & Luigi: Paper Jam,BOSS_IN
Chargin' Chuck,Super Mario Advance 4: Super Mario Bros. 3,BOSS_IN
Chargin' Chuck,Mario Kart World,BOSS_IN
Chargin' Chuck,Super Mario Party Jamboree,BOSS_IN
Chargin' Chuck,Mario & Luigi: Superstar Saga + Bowser's Minions,BOSS_IN
Chargin' Chuck,Super Mario 3D World / Super Mario 3D World + Bowser's Fury,BOSS_IN
Chargin' Chuck,Mario & Luigi: Bowser's Inside Story + Bowser Jr.'s Journey,BOSS_IN
Chargin' Chuck,Super Mario Odyssey,BOSS_IN
Chain Chomp,Super Mario Bros. 3 / Super Mario Advance 4: Super Mario Bros. 3,BOSS_IN
Chain Chomp,Mario Kart 64,BOSS_IN
Chain Chomp,Mario Party 2,BOSS_IN
Chain Chomp,Mario & Luigi: Superstar Saga / Mario & Luigi: Superstar Saga + Bowser's Minions,BOSS_IN
Chain Chomp,Super Mario 64 / Super Mario 64 DS,BOSS_IN
Chain Chomp,Mario Kart: Double Dash!!,BOSS_IN
Chain Chomp,Mario Party 3,BOSS_IN
Chain Chomp,Mario & Luigi: Partners in Time,BOSS_IN
Chain Chomp,Super Mario Sunshine,BOSS_IN
Chain Chomp,Mario Kart DS,BOSS_IN
Chain Chomp,Mario Party 4,BOSS_IN
Chain Chomp,Mario & Luigi: Bowser's Inside Story / Mario & Luigi: Bowser's Inside Story + Bowser Jr.'s Journey,BOSS_IN
Chain Chomp,New Super Mario Bros.,BOSS_IN
Chain Chomp,Mario Kart Wii,BOSS_IN
Chain Chomp,Mario Party 5,BOSS_IN
Chain Chomp,Mario & Luigi: Dream Team,BOSS_IN
Chain Chomp,Super Mario Galaxy,BOSS_IN
Chain Chomp,Mario Kart 7,BOSS_IN
Chain Chomp,Mario Party 6,BOSS_IN
Chain Chomp,Mario & Luigi: Paper Jam,BOSS_IN
Chain Chomp,New Super Mario Bros. Wii,BOSS_IN
Chain Chomp,Mario Kart 8 / Mario Kart 8 Deluxe,BOSS_IN
Chain Chomp,Mario Party Advance,BOSS_IN
Chain Chomp,Super Mario Galaxy 2,BOSS_IN
Chain Chomp,Mario Kart Tour,BOSS_IN
Chain Chomp,Mario Party 7,BOSS_IN
Chain Chomp,Super Mario 3D Land,BOSS_IN
Chain Chomp,Mario Kart Live: Home Circuit,BOSS_IN
Chain Chomp,Mario Party 8,BOSS_IN
Chain Chomp,New Super Mario Bros. 2,BOSS_IN
Chain Chomp,Mario Party 9,BOSS_IN
Chain Chomp,New Super Mario Bros. U / New Super Luigi U,BOSS_IN
Chain Chomp,Mario Party: Island Tour,BOSS_IN
Chain Chomp,Super Mario Maker subseries,BOSS_IN
Chain Chomp,Mario Party 10,BOSS_IN
Chain Chomp,Super Mario Odyssey,BOSS_IN
Chain Chomp,Mario Party: Star Rush,BOSS_IN
Chain Chomp,Mario Party: The Top 100,BOSS_IN
Chain Chomp,Super Mario Party,BOSS_IN
Chain Chomp,Mario Party Superstars,BOSS_IN
Chain Chomp,Super Mario Party Jamboree,BOSS_IN
Cheep Chomp,Super Mario 64 / Super Mario 64 DS,BOSS_IN
Cheep Chomp,Mario Party: Island Tour,BOSS_IN
Cheep Chomp,New Super Mario Bros.,BOSS_IN
Cheep Chomp,Mario Party 10,BOSS_IN
Cheep Chomp,New Super Mario Bros. Wii,BOSS_IN
Cheep Chomp,Super Mario Party,BOSS_IN
Cheep Chomp,New Super Mario Bros. 2,BOSS_IN
Cheep Chomp,Mario Party Superstars,BOSS_IN
Cheep Chomp,New Super Mario Bros. U / New Super Luigi U / New Super Mario Bros. U Deluxe,BOSS_IN
Cheep Chomp,Super Mario Maker 2,BOSS_IN
Cheep Cheep,Super Mario Bros. / Super Mario Bros.: The Lost Levels,BOSS_IN
Cheep Cheep,Super Mario Kart,BOSS_IN
Cheep Cheep,Mario Party,BOSS_IN
Cheep Cheep,Mario & Luigi: Superstar Saga / Mario & Luigi: Superstar Saga + Bowser's Minions,BOSS_IN
Cheep Cheep,Super Mario Bros. 3 / Super Mario Advance 4: Super Mario Bros. 3,BOSS_IN
Cheep Cheep,Mario Kart 64,BOSS_IN
Cheep Cheep,Mario Party 2,BOSS_IN
Cheep Cheep,Mario & Luigi: Bowser's Inside Story / Mario & Luigi: Bowser's Inside Story + Bowser Jr.'s Journey,BOSS_IN
Cheep Cheep,Super Mario World / Super Mario World: Super Mario Advance 2,BOSS_IN
Cheep Cheep,Mario Kart: Super Circuit,BOSS_IN
Cheep Cheep,Mario Party 3,BOSS_IN
Cheep Cheep,Mario & Luigi: Paper Jam,BOSS_IN
Cheep Cheep,Super Mario Land 2: 6 Golden Coins,BOSS_IN
Cheep Cheep,Mario Kart: Double Dash!!,BOSS_IN
Cheep Cheep,Mario Party 4,BOSS_IN
Cheep Cheep,Super Mario 64 / Super Mario 64 DS,BOSS_IN
Cheep Cheep,Mario Kart Arcade GP / Mario Kart Arcade GP 2,BOSS_IN
Cheep Cheep,Mario Party 5,BOSS_IN
Cheep Cheep,Super Mario Sunshine,BOSS_IN
Cheep Cheep,Mario Kart DS,BOSS_IN
Cheep Cheep,Mario Party 6,BOSS_IN
Cheep Cheep,New Super Mario Bros.,BOSS_IN
Cheep Cheep,Mario Kart Wii,BOSS_IN
Cheep Cheep,Mario Party Advance,BOSS_IN
Cheep Cheep,Super Mario Galaxy,BOSS_IN
Cheep Cheep,Mario Kart 7,BOSS_IN
Cheep Cheep,Mario Party 7,BOSS_IN
Cheep Cheep,New Super Mario Bros. Wii,BOSS_IN
Cheep Cheep,Mario Kart Arcade GP DX,BOSS_IN
Cheep Cheep,Mario Party 8,BOSS_IN
Cheep Cheep,Super Mario Galaxy 2,BOSS_IN
Cheep Cheep,Mario Kart 8 / Mario Kart 8 Deluxe,BOSS_IN
Cheep Cheep,Mario Party DS,BOSS_IN
Cheep Cheep,Super Mario 3D Land,BOSS_IN
Cheep Cheep,Mario Kart Tour,BOSS_IN
Cheep Cheep,Mario Party 9,BOSS_IN
Cheep Cheep,New Super Mario Bros. 2,BOSS_IN
Cheep Cheep,Mario Kart Live: Home Circuit,BOSS_IN
Cheep Cheep,Mario Party: Island Tour,BOSS_IN
Cheep Cheep,New Super Mario Bros. U / New Super Luigi U / New Super Mario Bros. U Deluxe,BOSS_IN
Cheep Cheep,Mario Kart World,BOSS_IN
Cheep Cheep,Mario Party 10,BOSS_IN
Cheep Cheep,Super Mario 3D World / Super Mario 3D World + Bowser's Fury,BOSS_IN
Cheep Cheep,Mario Party: Star Rush,BOSS_IN
Cheep Cheep,Super Mario Maker series,BOSS_IN
Cheep Cheep,Super Mario Party,BOSS_IN
Cheep Cheep,Super Mario Odyssey,BOSS_IN
Cheep Cheep,Super Mario Party Jamboree,BOSS_IN
Cheep Cheep,Super Mario Bros. Wonder,BOSS_IN
Clawgrip,Super Mario Bros. 2,BOSS_IN
Clawgrip,BS Super Mario USA,BOSS_IN
Boo Buddies,Super Mario World,BOSS_IN
Boo Buddies,New Super Mario Bros. Wii,BOSS_IN
Boo Buddies,New Super Mario Bros. U / New Super Luigi U / New Super Mario Bros. U Deluxe,BOSS_IN
Boo Buddies,Super Mario Maker / Super Mario Maker for Nintendo 3DS,BOSS_IN
Boo Buddies,Super Mario Maker 2,BOSS_IN
Link,Super Mario 3D World / Super Mario 3D World + Bowser's Fury,BOSS_IN
Link,Mario Kart 8,BOSS_IN
Link,Super Smash Bros.,BOSS_IN
Link,Super Mario Maker,BOSS_IN
Link,Mario Kart 8 Deluxe,BOSS_IN
Link,Super Smash Bros. Melee,BOSS_IN
Link,Super Mario Maker 2,BOSS_IN
Link,Super Smash Bros. Brawl,BOSS_IN
Link,Super Smash Bros. for Nintendo 3DS / Super Smash Bros. for Wii U,BOSS_IN
Link,Super Smash Bros. Ultimate,BOSS_IN
Dino Piranha,Super Mario Galaxy,BOSS_IN
Dino Piranha,Super Mario Galaxy 2,BOSS_IN
Diddy Kong,Super Mario Maker,BOSS_IN
Diddy Kong,Mario Kart: Double Dash!!,BOSS_IN
Diddy Kong,Super Smash Bros. Brawl,BOSS_IN
Diddy Kong,Super Mario Odyssey,BOSS_IN
Diddy Kong,Mario Kart Arcade GP subseries,BOSS_IN
Diddy Kong,Super Smash Bros. for Nintendo 3DS / Wii U,BOSS_IN
Diddy Kong,Mario Kart Wii,BOSS_IN
Diddy Kong,Super Smash Bros. Ultimate,BOSS_IN
Diddy Kong,Mario Kart Tour,BOSS_IN
Diddy Kong,Mario Kart 8 Deluxe,BOSS_IN
Don Bongo,Super Smash Bros. Brawl,BOSS_IN
Don Bongo,Super Smash Bros. Ultimate,BOSS_IN
Dry Bowser,New Super Mario Bros.,BOSS_IN
Dry Bowser,Mario Kart Wii,BOSS_IN
Dry Bowser,Mario & Luigi: Paper Jam,BOSS_IN
Dry Bowser,Super Mario 3D Land,BOSS_IN
Dry Bowser,Mario Kart Arcade GP DX,BOSS_IN
Dry Bowser,Mario & Luigi: Bowser's Inside Story + Bowser Jr.'s Journey,BOSS_IN
Dry Bowser,New Super Mario Bros. 2,BOSS_IN
Dry Bowser,Mario Kart 8 / Mario Kart 8 Deluxe,BOSS_IN
Dry Bowser,Mario Kart Tour,BOSS_IN
Dry Bones,Super Mario Bros. 3 / Super Mario Advance 4: Super Mario Bros. 3,BOSS_IN
Dry Bones,Mario Kart DS,BOSS_IN
Dry Bones,Mario Party 7,BOSS_IN
Dry Bones,Mario & Luigi: Superstar Saga / Mario & Luigi: Superstar Saga + Bowser's Minions,BOSS_IN
Dry Bones,Super Mario World / Super Mario World: Super Mario Advance 2,BOSS_IN
Dry Bones,Mario Kart Wii,BOSS_IN
Dry Bones,Mario Party 8,BOSS_IN
Dry Bones,Mario & Luigi: Partners in Time,BOSS_IN
Dry Bones,New Super Mario Bros.,BOSS_IN
Dry Bones,Mario Kart 8 / Mario Kart 8 Deluxe,BOSS_IN
Dry Bones,Mario Party DS,BOSS_IN
Dry Bones,Mario & Luigi: Bowser's Inside Story / Mario & Luigi: Bowser's Inside Story + Bowser Jr.'s Journey,BOSS_IN
Dry Bones,Super Mario Galaxy,BOSS_IN
Dry Bones,Mario Kart Tour,BOSS_IN
Dry Bones,Mario Party 9,BOSS_IN
Dry Bones,Mario & Luigi: Dream Team,BOSS_IN
Dry Bones,New Super Mario Bros. Wii,BOSS_IN
Dry Bones,Mario Kart World,BOSS_IN
Dry Bones,Mario Party: Island Tour,BOSS_IN
Dry Bones,Mario & Luigi: Paper Jam,BOSS_IN
Dry Bones,Super Mario Galaxy 2,BOSS_IN
Dry Bones,Mario Party 10,BOSS_IN
Dry Bones,Mario & Luigi: Brothership,BOSS_IN
Dry Bones,Super Mario 3D Land,BOSS_IN
Dry Bones,Mario Party: Star Rush,BOSS_IN
Dry Bones,New Super Mario Bros. 2,BOSS_IN
Dry Bones,Mario Party: The Top 100,BOSS_IN
Dry Bones,New Super Mario Bros. U / New Super Luigi U / New Super Mario Bros. U Deluxe,BOSS_IN
Dry Bones,Super Mario Party,BOSS_IN
Dry Bones,Super Mario 3D World / Super Mario 3D World + Bowser's Fury,BOSS_IN
Dry Bones,Mario Party Superstars,BOSS_IN
Dry Bones,Super Mario Maker / Super Mario Maker for Nintendo 3DS,BOSS_IN
Dry Bones,Super Mario Party Jamboree,BOSS_IN
Dry Bones,Super Mario Run,BOSS_IN
Dry Bones,Super Mario Maker 2,BOSS_IN
Dry Bones,Super Mario Bros. Wonder,BOSS_IN
Fawful,Mario & Luigi: Superstar Saga / Mario & Luigi: Superstar Saga + Bowser's Minions,BOSS_IN
Fawful,Mario & Luigi: Partners in Time,BOSS_IN
Fawful,Mario & Luigi: Bowser's Inside Story / Mario & Luigi: Bowser's Inside Story + Bowser Jr.'s Journey,BOSS_IN
Fire Snake,Super Mario Bros. 3,BOSS_IN
Fire Snake,Mario Kart DS,BOSS_IN
Fire Snake,Super Mario World,BOSS_IN
Fire Snake,Mario Kart Wii,BOSS_IN
Fire Snake,New Super Mario Bros.,BOSS_IN
Fire Snake,Mario Kart 8 / Mario Kart 8 Deluxe,BOSS_IN
Fire Snake,New Super Mario Bros. Wii,BOSS_IN
Fire Snake,Mario Kart World,BOSS_IN
Fire Snake,New Super Mario Bros. 2,BOSS_IN
Fire Snake,New Super Mario Bros. U / New Super Luigi U / New Super Mario Bros. U Deluxe,BOSS_IN
Fracktail,Super Smash Bros. Brawl,BOSS_IN
Fracktail,Super Smash Bros. for Wii U,BOSS_IN
Freezie,Mario Kart: Double Dash!!,BOSS_IN
Freezie,Mario Kart 8 / Mario Kart 8 Deluxe,BOSS_IN
Freezie,Mario Kart Live: Home Circuit,BOSS_IN
Freezie,Mario Kart World,BOSS_IN
Fryguy,Yume Kōjō: Doki Doki Panic / Super Mario Bros. 2,BOSS_IN
Fryguy,BS Super Mario USA,BOSS_IN
Giga Bowser,Super Smash Bros. Melee,BOSS_IN
Giga Bowser,Super Smash Bros. Brawl,BOSS_IN
Giga Bowser,Super Smash Bros. for Nintendo 3DS / Wii U,BOSS_IN
Giga Bowser,Super Smash Bros. Ultimate,BOSS_IN
Goomba Tower,Super Mario 3D Land,BOSS_IN
Goomba Tower,Mario Kart 8 / Mario Kart 8 Deluxe,BOSS_IN
Goomba Tower,Mario Party 9,BOSS_IN
Goomba Tower,Mario & Luigi: Paper Jam,BOSS_IN
Goomba Tower,New Super Mario Bros. 2,BOSS_IN
Goomba Tower,Mario Kart Tour,BOSS_IN
Goomba Tower,Mario Party: Island Tour,BOSS_IN
Goomba Tower,Mario & Luigi: Superstar Saga + Bowser's Minions,BOSS_IN
Goomba Tower,Super Mario 3D World / Super Mario 3D World + Bowser's Fury,BOSS_IN
Goomba Tower,Mario Party 10,BOSS_IN
Goomba Tower,Mario & Luigi: Bowser's Inside Story + Bowser Jr.'s Journey,BOSS_IN
Goomba Tower,Super Mario Maker / Super Mario Maker for Nintendo 3DS / Super Mario Maker 2,BOSS_IN
Goomba Tower,Mario Party Superstars,BOSS_IN
Goomba Tower,Mario & Luigi: Brothership,BOSS_IN
Goomba Tower,Super Mario Odyssey,BOSS_IN
Goomba Tower,Super Mario Party Jamboree,BOSS_IN
Hammer Bro,Super Mario Bros. / Super Mario Bros.: The Lost Levels,BOSS_IN
Hammer Bro,Mario Kart: Super Circuit,BOSS_IN
Hammer Bro,Mario Party,BOSS_IN
Hammer Bro,Mario & Luigi: Superstar Saga / Mario & Luigi: Superstar Saga + Bowser's Minions,BOSS_IN
Hammer Bro,Super Mario Bros. 3,BOSS_IN
Hammer Bro,Mario Kart Wii,BOSS_IN
Hammer Bro,Mario Party 2,BOSS_IN
Hammer Bro,Mario & Luigi: Partners in Time,BOSS_IN
Hammer Bro,Super Mario World,BOSS_IN
Hammer Bro,Mario Kart 7,BOSS_IN
Hammer Bro,Mario Party 3,BOSS_IN
Hammer Bro,Mario & Luigi: Dream Team,BOSS_IN
Hammer Bro,New Super Mario Bros.,BOSS_IN
Hammer Bro,Mario Kart 8 / Mario Kart 8 Deluxe,BOSS_IN
Hammer Bro,Mario Party 5,BOSS_IN
Hammer Bro,Mario & Luigi: Paper Jam,BOSS_IN
Hammer Bro,New Super Mario Bros. Wii,BOSS_IN
Hammer Bro,Mario Kart Tour,BOSS_IN
Hammer Bro,Mario Party Advance,BOSS_IN
Hammer Bro,Mario & Luigi: Bowser's Inside Story + Bowser Jr.'s Journey,BOSS_IN
Hammer Bro,Super Mario Galaxy 2,BOSS_IN
Hammer Bro,Mario Kart World,BOSS_IN
Hammer Bro,Mario Party 7,BOSS_IN
Hammer Bro,Mario & Luigi: Brothership,BOSS_IN
Hammer Bro,Super Mario 3D Land,BOSS_IN
Hammer Bro,Mario Party 8,BOSS_IN
Hammer Bro,New Super Mario Bros. 2,BOSS_IN
Hammer Bro,Mario Party DS,BOSS_IN
Hammer Bro,New Super Mario Bros. U / New Super Luigi U / New Super Mario Bros. U Deluxe,BOSS_IN
Hammer Bro,Mario Party 9,BOSS_IN
Hammer Bro,Super Mario 3D World / Super Mario 3D World + Bowser's Fury,BOSS_IN
Hammer Bro,Mario Party: Island Tour,BOSS_IN
Hammer Bro,Super Mario Maker / Super Mario Maker for Nintendo 3DS / Super Mario Maker 2,BOSS_IN
Hammer Bro,Mario Party 10,BOSS_IN
Hammer Bro,Super Mario Odyssey,BOSS_IN
Hammer Bro,Mario Party: Star Rush,BOSS_IN
Hammer Bro,Super Mario Bros. Wonder,BOSS_IN
Hammer Bro,Mario Party: The Top 100,BOSS_IN
Hammer Bro,Super Mario Party,BOSS_IN
Hammer Bro,Mario Party Superstars,BOSS_IN
Hammer Bro,Super Mario Party Jamboree,BOSS_IN
Impostor Bowser,Super Mario Bros. / Super Mario Bros.: The Lost Levels / Super Mario Bros. Deluxe,BOSS_IN
Impostor Bowser,Super Mario Advance 4: Super Mario Bros. 3,BOSS_IN
Impostor Bowser,Super Mario 3D Land,BOSS_IN
Impostor Bowser,Super Mario Run,BOSS_IN
Iggy,Super Mario Bros. 3 / Super Mario Advance 4: Super Mario Bros. 3,BOSS_IN
Iggy,Mario Kart 8 / Mario Kart 8 Deluxe,BOSS_IN
Iggy,Mario & Luigi: Superstar Saga,BOSS_IN
Iggy,Super Smash Bros. for Nintendo 3DS / Wii U,BOSS_IN
Iggy,Super Mario World / Super Mario World: Super Mario Advance 2,BOSS_IN
Iggy,Mario Kart Tour,BOSS_IN
Iggy,Mario & Luigi: Paper Jam,BOSS_IN
Iggy,Super Smash Bros. Ultimate,BOSS_IN
Iggy,New Super Mario Bros. Wii,BOSS_IN
Iggy,Mario Kart Live: Home Circuit,BOSS_IN
Iggy,Mario & Luigi: Superstar Saga + Bowser's Minions,BOSS_IN
Iggy,New Super Mario Bros. 2,BOSS_IN
Iggy,Mario & Luigi: Bowser's Inside Story + Bowser Jr.'s Journey,BOSS_IN
Iggy,New Super Mario Bros. U / New Super Luigi U / New Super Mario Bros. U Deluxe,BOSS_IN
Iggy,Super Mario Maker 2,BOSS_IN
King Bob-omb,Mario Kart DS,BOSS_IN
King Bob-omb,Mario Party 2,BOSS_IN
King Bob-omb,Mario & Luigi: Paper Jam,BOSS_IN
King Bob-omb,Mario Kart Arcade GP DX,BOSS_IN
King Bob-omb,Mario Party 5 / Mario Party: The Top 100,BOSS_IN
King Bob-omb,Mario & Luigi: Bowser's Inside Story + Bowser Jr.'s Journey,BOSS_IN
King Bob-omb,Mario Kart Tour,BOSS_IN
King Bob-omb,Mario Party Advance,BOSS_IN
King Bob-omb,Mario Party 8,BOSS_IN
King Bob-omb,Mario Party 9,BOSS_IN
King Bob-omb,Mario Party: Island Tour,BOSS_IN
King Bob-omb,Mario Party: Star Rush,BOSS_IN
King Bob-omb,Super Mario Party,BOSS_IN
King Bob-omb,Mario Party Superstars,BOSS_IN
King Bob-omb,Super Mario Party Jamboree,BOSS_IN
King Boo,Super Mario 64 DS,BOSS_IN
King Boo,Mario Kart: Double Dash!!,BOSS_IN
King Boo,Mario Party 8,BOSS_IN
King Boo,New Super Luigi U / New Super Mario Bros. U Deluxe,BOSS_IN
King Boo,Mario Kart DS,BOSS_IN
King Boo,Mario Party 9,BOSS_IN
King Boo,Super Mario Bros. Wonder,BOSS_IN
King Boo,Mario Kart Arcade GP 2,BOSS_IN
King Boo,Mario Party 10,BOSS_IN
King Boo,Super Mario Run,BOSS_IN
King Boo,Mario Kart Wii,BOSS_IN
King Boo,Mario Party: Star Rush,BOSS_IN
King Boo,Mario Kart 8 Deluxe,BOSS_IN
King Boo,Mario Party Superstars,BOSS_IN
King Boo,Mario Kart Arcade GP DX,BOSS_IN
King Boo,Super Mario Party Jamboree,BOSS_IN
King Boo,Mario Kart Tour,BOSS_IN
King Boo,Mario Kart World,BOSS_IN
King K. Rool,Super Smash Bros. Ultimate,BOSS_IN
Lakitu,Super Mario Bros.,BOSS_IN
Lakitu,Mario Kart 7,BOSS_IN
Lakitu,Mario Party,BOSS_IN
Lakitu,Mario & Luigi: Superstar Saga / Mario & Luigi: Superstar Saga + Bowser's Minions,BOSS_IN
Lakitu,Super Mario Bros.: The Lost Levels,BOSS_IN
Lakitu,Mario Kart 8 / Mario Kart 8 Deluxe,BOSS_IN
Lakitu,Mario Party 2,BOSS_IN
Lakitu,Mario & Luigi: Partners in Time,BOSS_IN
Lakitu,Super Mario Bros. (Game & Watch),BOSS_IN
Lakitu,Mario Kart Arcade GP DX,BOSS_IN
Lakitu,Mario Party 3,BOSS_IN
Lakitu,Mario & Luigi: Bowser's Inside Story / Mario & Luigi: Bowser's Inside Story + Bowser Jr.'s Journey,BOSS_IN
Lakitu,Super Mario Bros. 3 / Super Mario Advance 4: Super Mario Bros. 3,BOSS_IN
Lakitu,Mario Kart Tour,BOSS_IN
Lakitu,Mario Party 4,BOSS_IN
Lakitu,Mario & Luigi: Dream Team,BOSS_IN
Lakitu,Super Mario World / Super Mario World: Super Mario Advance 2,BOSS_IN
Lakitu,Mario Kart World,BOSS_IN
Lakitu,Mario Party-e,BOSS_IN
Lakitu,Mario & Luigi: Paper Jam,BOSS_IN
Lakitu,Super Mario 64 / Super Mario 64 DS,BOSS_IN
Lakitu,Mario Party 5,BOSS_IN
Lakitu,Mario & Luigi: Brothership,BOSS_IN
Lakitu,New Super Mario Bros.,BOSS_IN
Lakitu,Mario Party 6,BOSS_IN
Lakitu,New Super Mario Bros. Wii,BOSS_IN
Lakitu,Mario Party Advance,BOSS_IN
Lakitu,Super Mario Galaxy 2,BOSS_IN
Lakitu,Mario Party 7,BOSS_IN
Lakitu,New Super Mario Bros. 2,BOSS_IN
Lakitu,Mario Party 8,BOSS_IN
Lakitu,New Super Mario Bros. U / New Super Luigi U / New Super Mario Bros. U Deluxe,BOSS_IN
Lakitu,Mario Party 9,BOSS_IN
Lakitu,Super Mario Maker / Super Mario Maker for Nintendo 3DS / Super Mario Maker 2,BOSS_IN
Lakitu,Mario Party: Island Tour,BOSS_IN
Lakitu,Super Mario Run,BOSS_IN
Lakitu,Mario Party 10,BOSS_IN
Lakitu,Super Mario Odyssey,BOSS_IN
Lakitu,Mario Party: Star Rush,BOSS_IN
Lakitu,Super Mario Bros. Wonder,BOSS_IN
Lakitu,Mario Party: The Top 100,BOSS_IN
Lakitu,Super Mario Party,BOSS_IN
Lakitu,Mario Party Superstars,BOSS_IN
Lakitu,Super Mario Party Jamboree,BOSS_IN
Larry,Super Mario Bros. 3,BOSS_IN
Larry,Mario Kart 8 / Mario Kart 8 Deluxe,BOSS_IN
Larry,Mario & Luigi: Superstar Saga,BOSS_IN
Larry,Super Smash Bros. for Nintendo 3DS / Wii U,BOSS_IN
Larry,Super Mario World,BOSS_IN
Larry,Mario Kart Tour,BOSS_IN
Larry,Mario & Luigi: Paper Jam,BOSS_IN
Larry,Super Smash Bros. Ultimate,BOSS_IN
Larry,New Super Mario Bros. Wii,BOSS_IN
Larry,Mario Kart Live: Home Circuit,BOSS_IN
Larry,Mario & Luigi: Superstar Saga + Bowser's Minions,BOSS_IN
Larry,New Super Mario Bros. 2,BOSS_IN
Larry,Mario Kart World,BOSS_IN
Larry,Mario & Luigi: Bowser's Inside Story + Bowser Jr.'s Journey,BOSS_IN
Larry,New Super Mario Bros. U / New Super Luigi U / New Super Mario Bros. U Deluxe,BOSS_IN
Larry,Super Mario Maker 2,BOSS_IN
Ludwig,Super Mario Bros. 3,BOSS_IN
Ludwig,Mario Kart 8 / Mario Kart 8 Deluxe,BOSS_IN
Ludwig,Mario & Luigi: Superstar Saga,BOSS_IN
Ludwig,Super Smash Bros. Brawl,BOSS_IN
Ludwig,Super Mario World,BOSS_IN
Ludwig,Mario Kart Tour,BOSS_IN
Ludwig,Mario & Luigi: Paper Jam,BOSS_IN
Ludwig,Super Smash Bros. for Nintendo 3DS / Wii U,BOSS_IN
Ludwig,New Super Mario Bros. Wii,BOSS_IN
Ludwig,Mario Kart Live: Home Circuit,BOSS_IN
Ludwig,Mario & Luigi: Superstar Saga + Bowser's Minions,BOSS_IN
Ludwig,Super Smash Bros. Ultimate,BOSS_IN
Ludwig,New Super Mario Bros. 2,BOSS_IN
Ludwig,Mario & Luigi: Bowser's Inside Story + Bowser Jr.'s Journey,BOSS_IN
Ludwig,New Super Mario Bros. U / New Super Luigi U / New Super Mario Bros. U Deluxe,BOSS_IN
Ludwig,Super Mario Maker 2,BOSS_IN
Magikoopa,Super Mario World,BOSS_IN
Magikoopa,Mario & Luigi: Superstar Saga / Mario & Luigi: Superstar Saga + Bowser's Minions,BOSS_IN
Magikoopa,Super Mario World 2: Yoshi's Island,BOSS_IN
Magikoopa,Mario & Luigi: Partners in Time,BOSS_IN
Magikoopa,Super Mario Advance 4: Super Mario Bros. 3,BOSS_IN
Magikoopa,Mario & Luigi: Bowser's Inside Story / Mario & Luigi: Bowser's Inside Story + Bowser Jr.'s Journey,BOSS_IN
Magikoopa,Super Mario Galaxy,BOSS_IN
Magikoopa,Mario & Luigi: Dream Team,BOSS_IN
Magikoopa,Super Mario Galaxy 2,BOSS_IN
Magikoopa,Mario & Luigi: Brothership,BOSS_IN
Magikoopa,Super Mario 3D Land,BOSS_IN
Magikoopa,Super Mario 3D World / Super Mario 3D World + Bowser's Fury,BOSS_IN
Magikoopa,Super Mario Maker series,BOSS_IN
Donkey Kong Jr.,Super Mario All-Stars / Super Mario Advance 4: Super Mario Bros. 3,BOSS_IN
Donkey Kong Jr.,Super Mario Kart,BOSS_IN
Donkey Kong Jr.,Super Mario Maker,BOSS_IN
Donkey Kong Jr.,Mario Kart: Double Dash!!,BOSS_IN
Donkey Kong Jr.,Mario Kart Tour,BOSS_IN
Mechakoopa,Super Mario World,BOSS_IN
Mechakoopa,Mario Kart: Super Circuit,BOSS_IN
Mechakoopa,Mario Party 5,BOSS_IN
Mechakoopa,Mario & Luigi: Superstar Saga,BOSS_IN
Mechakoopa,Super Mario Galaxy,BOSS_IN
Mechakoopa,Mario Kart 8 / Mario Kart 8 Deluxe,BOSS_IN
Mechakoopa,Mario Party Advance,BOSS_IN
Mechakoopa,Mario & Luigi: Dream Team,BOSS_IN
Mechakoopa,New Super Mario Bros. Wii,BOSS_IN
Mechakoopa,Mario Party 7,BOSS_IN
Mechakoopa,Mario & Luigi: Paper Jam,BOSS_IN
Mechakoopa,Super Mario Galaxy 2,BOSS_IN
Mechakoopa,Mario Party 9,BOSS_IN
Mechakoopa,Mario & Luigi: Superstar Saga + Bowser's Minions,BOSS_IN
Mechakoopa,New Super Mario Bros. U / New Super Mario Bros. U Deluxe,BOSS_IN
Mechakoopa,Mario Party 10,BOSS_IN
Mechakoopa,Mario & Luigi: Bowser's Inside Story + Bowser Jr.'s Journey,BOSS_IN
Mechakoopa,Super Mario Maker 2,BOSS_IN
Mechakoopa,Super Mario Party,BOSS_IN
Mechakoopa,Super Mario Bros. Wonder,BOSS_IN
Mechakoopa,Super Mario Party Jamboree,BOSS_IN
Mega Dry Bones,New Super Mario Bros.,BOSS_IN
Mega Dry Bones,Mario Party: Island Tour,BOSS_IN
Mega Dry Bones,New Super Mario Bros. Wii,BOSS_IN
Mega Dry Bones,Mario Party: Star Rush,BOSS_IN
Mega Dry Bones,New Super Mario Bros. 2,BOSS_IN
Mega Dry Bones,New Super Mario Bros. U / New Super Luigi U / New Super Mario Bros. U Deluxe,BOSS_IN
Mega Dry Bones,Super Mario Maker series,BOSS_IN
Mega Rocky Wrench,Super Mario Maker / Super Mario Maker for Nintendo 3DS,BOSS_IN
Mega Rocky Wrench,Super Mario Maker 2,BOSS_IN
Meowser,Super Mario 3D World / Super Mario 3D World + Bowser's Fury,BOSS_IN
Meowser,Super Mario Maker 2,BOSS_IN
Metal Mario,Super Mario 64 / Super Mario 64 DS,BOSS_IN
Metal Mario,Mario Kart 7,BOSS_IN
Metal Mario,Super Smash Bros.,BOSS_IN
Metal Mario,Super Mario Odyssey,BOSS_IN
Metal Mario,Mario Kart 8 / Mario Kart 8 Deluxe,BOSS_IN
Metal Mario,Super Smash Bros. Melee,BOSS_IN
Metal Mario,Super Mario Bros. Wonder,BOSS_IN
Metal Mario,Mario Kart Arcade GP DX,BOSS_IN
Metal Mario,Super Smash Bros. Brawl,BOSS_IN
Metal Mario,Mario Kart Tour,BOSS_IN
Metal Mario,Super Smash Bros. for Nintendo 3DS / Super Smash Bros. for Wii U,BOSS_IN
Metal Mario,Mario Kart Live: Home Circuit,BOSS_IN
Metal Mario,Super Smash Bros. Ultimate,BOSS_IN
Monty Mole,Super Mario World,BOSS_IN
Monty Mole,Super Mario Kart,BOSS_IN
Monty Mole,Mario Party 3,BOSS_IN
Monty Mole,Mario & Luigi: Partners in Time,BOSS_IN
Monty Mole,Super Mario All-Stars / Super Mario Advance 4: Super Mario Bros. 3,BOSS_IN
Monty Mole,Mario Kart 64,BOSS_IN
Monty Mole,Mario Party 5,BOSS_IN
Monty Mole,Mario & Luigi: Bowser's Inside Story / Mario & Luigi: Bowser's Inside Story + Bowser Jr.'s Journey,BOSS_IN
Monty Mole,Super Mario 64 / Super Mario 64 DS,BOSS_IN
Monty Mole,Mario Kart DS,BOSS_IN
Monty Mole,Mario Party 6,BOSS_IN
Monty Mole,Mario & Luigi: Dream Team,BOSS_IN
Monty Mole,Super Mario Sunshine,BOSS_IN
Monty Mole,Mario Kart Wii,BOSS_IN
Monty Mole,Mario Party Advance,BOSS_IN
Monty Mole,Mario & Luigi: Paper Jam,BOSS_IN
Monty Mole,New Super Mario Bros.,BOSS_IN
Monty Mole,Mario Kart 7,BOSS_IN
Monty Mole,Mario Party 7,BOSS_IN
Monty Mole,New Super Mario Bros. Wii,BOSS_IN
Monty Mole,Mario Kart 8 / Mario Kart 8 Deluxe,BOSS_IN
Monty Mole,Mario Party 8,BOSS_IN
Monty Mole,Super Mario 3D Land,BOSS_IN
Monty Mole,Mario Kart Tour,BOSS_IN
Monty Mole,Mario Party DS,BOSS_IN
Monty Mole,New Super Mario Bros. U / New Super Luigi U / New Super Mario Bros. U Deluxe,BOSS_IN
Monty Mole,Mario Kart World,BOSS_IN
Monty Mole,Mario Party 9,BOSS_IN
Monty Mole,Super Mario Maker / Super Mario Maker for Nintendo 3DS,BOSS_IN
Monty Mole,Mario Party: Island Tour,BOSS_IN
Monty Mole,Super Mario Maker 2,BOSS_IN
Monty Mole,Mario Party 10,BOSS_IN
Monty Mole,Game & Watch: Super Mario Bros.,BOSS_IN
Monty Mole,Mario Party: Star Rush,BOSS_IN
Monty Mole,Mario Party: The Top 100,BOSS_IN
Monty Mole,Super Mario Party,BOSS_IN
Monty Mole,Mario Party Superstars,BOSS_IN
Monty Mole,Super Mario Party Jamboree,BOSS_IN
Mouser,Super Mario Bros. 2,BOSS_IN
Mouser,Super Mario Advance,BOSS_IN
Mr. Blizzard,Mario Party 3,BOSS_IN
Mr. Blizzard,Mario Party 4,BOSS_IN
Mr. Blizzard,Mario Party 5,BOSS_IN
Mr. Blizzard,Mario Party 6,BOSS_IN
Mr. Blizzard,Mario Party Advance,BOSS_IN
Mr. Blizzard,Mario Party 7,BOSS_IN
Mr. Blizzard,Mario Party 8,BOSS_IN
Mr. Blizzard,Mario Party 9,BOSS_IN
Mr. Blizzard,Mario Party: Island Tour,BOSS_IN
Mr. Blizzard,Mario Party: The Top 100,BOSS_IN
Morton,Super Mario Bros. 3,BOSS_IN
Morton,Mario Kart 8 / Mario Kart 8 Deluxe,BOSS_IN
Morton,Mario & Luigi: Superstar Saga,BOSS_IN
Morton,Super Smash Bros. Brawl,BOSS_IN
Morton,Super Mario World,BOSS_IN
Morton,Mario Kart Tour,BOSS_IN
Morton,Mario & Luigi: Paper Jam,BOSS_IN
Morton,Super Smash Bros. for Nintendo 3DS / Wii U,BOSS_IN
Morton,New Super Mario Bros. Wii,BOSS_IN
Morton,Mario Kart Live: Home Circuit,BOSS_IN
Morton,Mario & Luigi: Superstar Saga + Bowser's Minions,BOSS_IN
Morton,Super Smash Bros. Ultimate,BOSS_IN
Morton,New Super Mario Bros. 2,BOSS_IN
Morton,Mario Kart World,BOSS_IN
Morton,Mario & Luigi: Bowser's Inside Story + Bowser Jr.'s Journey,BOSS_IN
Morton,New Super Mario Bros. U / New Super Luigi U / New Super Mario Bros. U Deluxe,BOSS_IN
Morton,Super Mario Maker 2,BOSS_IN
Petey Piranha,Super Mario Sunshine,BOSS_IN
Petey Piranha,Mario Kart: Double Dash!!,BOSS_IN
Petey Piranha,Mario Party Advance,BOSS_IN
Petey Piranha,Mario & Luigi: Partners in Time,BOSS_IN
Petey Piranha,Super Smash Bros. Brawl,BOSS_IN
Petey Piranha,New Super Mario Bros.,BOSS_IN
Petey Piranha,Mario Kart Wii,BOSS_IN
Petey Piranha,Mario Party 10,BOSS_IN
Petey Piranha,Mario & Luigi: Paper Jam,BOSS_IN
Petey Piranha,Super Smash Bros. Ultimate,BOSS_IN
Petey Piranha,Mario Kart Tour,BOSS_IN
Petey Piranha,Mario Party: Star Rush,BOSS_IN
Petey Piranha,Mario Kart 8 Deluxe,BOSS_IN
Petey Piranha,Mario Party: The Top 100,BOSS_IN
Petey Piranha,Mario Party Superstars,BOSS_IN
Petey Piranha,Super Mario Party Jamboree,BOSS_IN
Pom Pom,Super Mario 3D Land,BOSS_IN
Pom Pom,Super Mario Party,BOSS_IN
Pom Pom,Super Mario 3D World / Super Mario 3D World + Bowser's Fury,BOSS_IN
Pom Pom,Super Mario Party Jamboree,BOSS_IN
Pom Pom,Super Mario Maker 2,BOSS_IN
Piranha Plant,Super Mario Bros.,BOSS_IN
Piranha Plant,Super Mario Kart,BOSS_IN
Piranha Plant,Mario Party,BOSS_IN
Piranha Plant,Mario & Luigi: Superstar Saga / Mario & Luigi: Superstar Saga + Bowser's Minions,BOSS_IN
Piranha Plant,Super Smash Bros. Ultimate,BOSS_IN
Piranha Plant,Super Mario Bros.: The Lost Levels,BOSS_IN
Piranha Plant,Mario Kart 64,BOSS_IN
Piranha Plant,Mario Party 2,BOSS_IN
Piranha Plant,Mario & Luigi: Partners in Time,BOSS_IN
Piranha Plant,Super Mario Bros. 3 / Super Mario Advance 4: Super Mario Bros. 3,BOSS_IN
Piranha Plant,Mario Kart: Super Circuit,BOSS_IN
Piranha Plant,Mario Party 3,BOSS_IN
Piranha Plant,Mario & Luigi: Bowser's Inside Story / Mario & Luigi: Bowser's Inside Story + Bowser Jr.'s Journey,BOSS_IN
Piranha Plant,Super Mario Land,BOSS_IN
Piranha Plant,Mario Kart: Double Dash!!,BOSS_IN
Piranha Plant,Mario Party 4,BOSS_IN
Piranha Plant,Mario & Luigi: Dream Team,BOSS_IN
Piranha Plant,Super Mario World,BOSS_IN
Piranha Plant,Mario Kart Arcade GP series,BOSS_IN
Piranha Plant,Mario Party 5,BOSS_IN
Piranha Plant,Mario & Luigi: Paper Jam,BOSS_IN
Piranha Plant,Super Mario Land 2: 6 Golden Coins,BOSS_IN
Piranha Plant,Mario Kart DS,BOSS_IN
Piranha Plant,Mario Party 6,BOSS_IN
Piranha Plant,Mario & Luigi: Brothership,BOSS_IN
Piranha Plant,Super Mario 64 / Super Mario 64 DS,BOSS_IN
Piranha Plant,Mario Kart Wii,BOSS_IN
Piranha Plant,Mario Party Advance,BOSS_IN
Piranha Plant,Super Mario Sunshine,BOSS_IN
Piranha Plant,Mario Kart 7,BOSS_IN
Piranha Plant,Mario Party 7,BOSS_IN
Piranha Plant,New Super Mario Bros.,BOSS_IN
Piranha Plant,Mario Kart 8 / Mario Kart 8 Deluxe,BOSS_IN
Piranha Plant,Mario Party 8,BOSS_IN
Piranha Plant,Super Mario Galaxy,BOSS_IN
Piranha Plant,Mario Kart Tour,BOSS_IN
Piranha Plant,Mario Party DS,BOSS_IN
Piranha Plant,New Super Mario Bros. Wii,BOSS_IN
Piranha Plant,Mario Kart Live: Home Circuit,BOSS_IN
Piranha Plant,Mario Party 9,BOSS_IN
Piranha Plant,Super Mario Galaxy 2,BOSS_IN
Piranha Plant,Mario Kart World,BOSS_IN
Piranha Plant,Mario Party: Island Tour,BOSS_IN
Piranha Plant,Super Mario 3D Land,BOSS_IN
Piranha Plant,Mario Party 10,BOSS_IN
Piranha Plant,New Super Mario Bros. 2,BOSS_IN
Piranha Plant,Mario Party: Star Rush,BOSS_IN
Piranha Plant,New Super Mario Bros. U,BOSS_IN
Piranha Plant,Super Mario Party,BOSS_IN
Piranha Plant,Super Mario 3D World / Super Mario 3D World + Bowser's Fury,BOSS_IN
Piranha Plant,Mario Party Superstars,BOSS_IN
Piranha Plant,Super Mario Maker / Super Mario Maker for Nintendo 3DS / Super Mario Maker 2,BOSS_IN
Piranha Plant,Super Mario Run,BOSS_IN
Piranha Plant,Super Mario Odyssey,BOSS_IN
Piranha Plant,Super Mario Bros. Wonder,BOSS_IN
Princess Shroob,Mario & Luigi: Partners in Time,BOSS_IN
Princess Shroob,Mario & Luigi: Bowser's Inside Story + Bowser Jr.'s Journey,BOSS_IN
Reznor,Super Mario World,BOSS_IN
Reznor,New Super Mario Bros. 2,BOSS_IN
Salvo the Slime,Mario Party 4,BOSS_IN
Salvo the Slime,Mario Party Advance,BOSS_IN
Roy,Super Mario Bros. 3,BOSS_IN
Roy,Mario Kart 8 / Mario Kart 8 Deluxe,BOSS_IN
Roy,Mario & Luigi: Superstar Saga,BOSS_IN
Roy,Super Smash Bros. for Nintendo 3DS / Super Smash Bros. for Wii U,BOSS_IN
Roy,Super Mario World,BOSS_IN
Roy,Mario Kart Tour,BOSS_IN
Roy,Mario & Luigi: Paper Jam,BOSS_IN
Roy,Super Smash Bros. Ultimate,BOSS_IN
Roy,New Super Mario Bros. Wii,BOSS_IN
Roy,Mario Kart Live: Home Circuit,BOSS_IN
Roy,Mario & Luigi: Superstar Saga + Bowser's Minions,BOSS_IN
Roy,New Super Mario Bros. 2,BOSS_IN
Roy,Mario Kart World,BOSS_IN
Roy,Mario & Luigi: Bowser's Inside Story + Bowser Jr.'s Journey,BOSS_IN
Roy,New Super Mario Bros. U / New Super Luigi U / New Super Mario Bros. U Deluxe,BOSS_IN
Roy,Super Mario Maker 2,BOSS_IN
Shroob,Mario & Luigi: Partners in Time,BOSS_IN
Shroob,Mario & Luigi: Bowser's Inside Story / Mario & Luigi: Bowser's Inside Story + Bowser Jr.'s Journey,BOSS_IN
Shroob,Mario & Luigi: Dream Team,BOSS_IN
Shroob,Mario & Luigi: Superstar Saga + Bowser's Minions,BOSS_IN
Shroob,Mario & Luigi: Brothership,BOSS_IN
Sledge Bro,Super Mario Bros. 3,BOSS_IN
Sledge Bro,Mario Kart Wii,BOSS_IN
Sledge Bro,Mario Party 10,BOSS_IN
Sledge Bro,New Super Mario Bros.,BOSS_IN
Sledge Bro,Mario Kart World,BOSS_IN
Sledge Bro,Super Mario Party Jamboree,BOSS_IN
Sledge Bro,New Super Mario Bros. Wii,BOSS_IN
Sledge Bro,New Super Mario Bros. 2,BOSS_IN
Sledge Bro,New Super Mario Bros. U / New Super Luigi U / New Super Mario Bros. U Deluxe,BOSS_IN
Sledge Bro,Super Mario Maker subseries,BOSS_IN
Spike,Super Mario Bros. 3,BOSS_IN
Spike,Mario Party 9,BOSS_IN
Spike,Mario & Luigi: Paper Jam,BOSS_IN
Spike,New Super Mario Bros.,BOSS_IN
Spike,Mario Party: Island Tour,BOSS_IN
Spike,Mario & Luigi: Superstar Saga + Bowser's Minions,BOSS_IN
Spike,New Super Mario Bros. Wii,BOSS_IN
Spike,Mario Party 10,BOSS_IN
Spike,Mario & Luigi: Bowser's Inside Story + Bowser Jr.'s Journey,BOSS_IN
Spike,New Super Mario Bros. U / New Super Luigi U / New Super Mario Bros. U Deluxe,BOSS_IN
Spike,Mario Party: Star Rush,BOSS_IN
Spike,Mario & Luigi: Brothership,BOSS_IN
Spike,Super Mario 3D World,BOSS_IN
Spike,Super Mario Party,BOSS_IN
Spike,Super Mario Run,BOSS_IN
Spike,Super Mario Party Jamboree,BOSS_IN
Spike,Super Mario Maker 2,BOSS_IN
Spike,Super Mario Bros. Wonder,BOSS_IN
Giant Bowser,Super Mario Sunshine,BOSS_IN
Giant Bowser,Mario Party 5,BOSS_IN
Giant Bowser,Mario & Luigi: Bowser's Inside Story / Mario & Luigi: Bowser's Inside Story + Bowser Jr.'s Journey,BOSS_IN
Giant Bowser,New Super Mario Bros.,BOSS_IN
Giant Bowser,Mario Party 9,BOSS_IN
Giant Bowser,Mario & Luigi: Dream Team,BOSS_IN
Giant Bowser,New Super Mario Bros. Wii,BOSS_IN
Giant Bowser,Mario Party 10,BOSS_IN
Giant Bowser,Super Mario Galaxy 2,BOSS_IN
Giant Bowser,New Super Mario Bros. 2,BOSS_IN
Giant Bowser,New Super Mario Bros. U / New Super Luigi U / New Super Mario Bros. U Deluxe,BOSS_IN
Giant Bowser,Super Mario 3D World + Bowser's Fury,BOSS_IN
Tatanga,Super Mario Land,BOSS_IN
Tatanga,Super Mario Land 2: 6 Golden Coins,BOSS_IN
Thwomp,Super Mario Bros. 3,BOSS_IN
Thwomp,Super Mario Kart,BOSS_IN
Thwomp,Mario Party,BOSS_IN
Thwomp,Mario vs. Donkey Kong,BOSS_IN
Thwomp,Mario & Luigi: Superstar Saga / Mario & Luigi: Superstar Saga + Bowser's Minions,BOSS_IN
Thwomp,Super Mario World,BOSS_IN
Thwomp,Mario Kart 64,BOSS_IN
Thwomp,Mario Party 2,BOSS_IN
Thwomp,Mario vs. Donkey Kong 2: March of the Minis,BOSS_IN
Thwomp,Mario & Luigi: Partners in Time,BOSS_IN
Thwomp,Super Mario 64 / Super Mario 64 DS,BOSS_IN
Thwomp,Mario Kart: Super Circuit,BOSS_IN
Thwomp,Mario Party 3,BOSS_IN
Thwomp,Mario vs. Donkey Kong: Minis March Again!,BOSS_IN
Thwomp,Mario & Luigi: Bowser's Inside Story / Mario & Luigi: Bowser's Inside Story + Bowser Jr.'s Journey,BOSS_IN
Thwomp,New Super Mario Bros.,BOSS_IN
Thwomp,Mario Kart: Double Dash!!,BOSS_IN
Thwomp,Mario Party 4,BOSS_IN
Thwomp,Mario vs. Donkey Kong: Mini-Land Mayhem!,BOSS_IN
Thwomp,Mario & Luigi: Dream Team,BOSS_IN
Thwomp,Super Mario Galaxy,BOSS_IN
Thwomp,Mario Kart DS,BOSS_IN
Thwomp,Mario Party 5,BOSS_IN
Thwomp,Mario vs. Donkey Kong: Tipping Stars,BOSS_IN
Thwomp,Mario & Luigi: Paper Jam,BOSS_IN
Thwomp,New Super Mario Bros. Wii,BOSS_IN
Thwomp,Mario Kart Wii,BOSS_IN
Thwomp,Mario Party 6,BOSS_IN
Thwomp,Super Mario Galaxy 2,BOSS_IN
Thwomp,Mario Kart Arcade GP subseries,BOSS_IN
Thwomp,Mario Party Advance,BOSS_IN
Thwomp,Super Mario 3D Land,BOSS_IN
Thwomp,Mario Kart 7,BOSS_IN
Thwomp,Mario Party 7,BOSS_IN
Thwomp,New Super Mario Bros. 2,BOSS_IN
Thwomp,Mario Kart 8 / Mario Kart 8 Deluxe,BOSS_IN
Thwomp,Mario Party 8,BOSS_IN
Thwomp,New Super Mario Bros. U / New Super Luigi U / New Super Mario Bros. U Deluxe,BOSS_IN
Thwomp,Mario Kart Tour,BOSS_IN
Thwomp,Mario Party DS,BOSS_IN
Thwomp,Super Mario 3D World / Super Mario 3D World + Bowser's Fury,BOSS_IN
Thwomp,Mario Party 9,BOSS_IN
Thwomp,Super Mario Maker / Super Mario Maker for Nintendo 3DS,BOSS_IN
Thwomp,Mario Party: Island Tour,BOSS_IN
Thwomp,Super Mario Run,BOSS_IN
Thwomp,Mario Party: The Top 100,BOSS_IN
Thwomp,Super Mario Maker 2,BOSS_IN
Thwomp,Super Mario Party,BOSS_IN
Thwomp,Super Mario Bros. Wonder,BOSS_IN
Thwomp,Mario Party Superstars,BOSS_IN
Thwomp,Super Mario Party Jamboree,BOSS_IN
Tryclyde,Super Mario Bros. 2,BOSS_IN
Tryclyde,BS Super Mario USA,BOSS_IN
Wart,Super Mario Bros. 2 / Super Mario Advance,BOSS_IN
Wart,BS Super Mario USA,BOSS_IN
Wart,Super Mario Maker 2,BOSS_IN
Waluigi,Super Mario Maker,BOSS_IN
Waluigi,Mario Kart: Double Dash!!,BOSS_IN
Waluigi,Super Smash Bros. Melee,BOSS_IN
Waluigi,Super Mario Odyssey,BOSS_IN
Waluigi,Mario Kart Arcade GP,BOSS_IN
Waluigi,Super Smash Bros. Brawl,BOSS_IN
Waluigi,Mario Kart DS,BOSS_IN
Waluigi,Super Smash Bros. for Nintendo 3DS / Wii U,BOSS_IN
Waluigi,Mario Kart Arcade GP 2,BOSS_IN
Waluigi,Super Smash Bros. Ultimate,BOSS_IN
Waluigi,Mario Kart Wii,BOSS_IN
Waluigi,Mario Kart 7,BOSS_IN
Waluigi,Mario Kart Arcade GP DX,BOSS_IN
Waluigi,Mario Kart 8 / Mario Kart 8 Deluxe,BOSS_IN
Waluigi,Mario Kart Tour,BOSS_IN
Waluigi,Mario Kart World,BOSS_IN
Whomp King,Super Mario 64 / Super Mario 64 DS,BOSS_IN
Whomp King,Super Mario Galaxy 2,BOSS_IN
Whomp,Super Mario 64 / Super Mario 64 DS,BOSS_IN
Whomp,Mario Kart Tour,BOSS_IN
Whomp,Mario Party,BOSS_IN
Whomp,Mario & Luigi: Paper Jam,BOSS_IN
Whomp,New Super Mario Bros.,BOSS_IN
Whomp,Mario Kart 8 Deluxe,BOSS_IN
Whomp,Mario Party 2,BOSS_IN
Whomp,Mario & Luigi: Bowser's Inside Story + Bowser Jr.'s Journey,BOSS_IN
Whomp,Super Mario Galaxy 2,BOSS_IN
Whomp,Mario Kart World,BOSS_IN
Whomp,Mario Party 3,BOSS_IN
Whomp,New Super Mario Bros. 2,BOSS_IN
Whomp,Mario Party 4,BOSS_IN
Whomp,Mario Party 5,BOSS_IN
Whomp,Mario Party 6,BOSS_IN
Whomp,Mario Party Advance,BOSS_IN
Whomp,Mario Party 7,BOSS_IN
Whomp,Mario Party 8,BOSS_IN
Whomp,Mario Party DS,BOSS_IN
Whomp,Mario Party 9,BOSS_IN
Whomp,Mario Party: Island Tour,BOSS_IN
Whomp,Mario Party 10,BOSS_IN
Whomp,Mario Party: The Top 100,BOSS_IN
Whomp,Super Mario Party,BOSS_IN
Whomp,Mario Party Superstars,BOSS_IN
Whomp,Super Mario Party Jamboree,BOSS_IN
Wendy,Super Mario Bros. 3 / Super Mario Advance 4: Super Mario Bros. 3,BOSS_IN
Wendy,Mario Kart 8 / Mario Kart 8 Deluxe,BOSS_IN
Wendy,Mario & Luigi: Superstar Saga,BOSS_IN
Wendy,Super Smash Bros. for Nintendo 3DS / Wii U,BOSS_IN
Wendy,Super Mario World / Super Mario World: Super Mario Advance 2,BOSS_IN
Wendy,Mario Kart Tour,BOSS_IN
Wendy,Mario & Luigi: Paper Jam,BOSS_IN
Wendy,Super Smash Bros. Ultimate,BOSS_IN
Wendy,New Super Mario Bros. Wii,BOSS_IN
Wendy,Mario Kart Live: Home Circuit,BOSS_IN
Wendy,Mario & Luigi: Superstar Saga + Bowser's Minions,BOSS_IN
Wendy,New Super Mario Bros. 2,BOSS_IN
Wendy,Mario & Luigi: Bowser's Inside Story + Bowser Jr.'s Journey,BOSS_IN
Wendy,New Super Mario Bros. U / New Super Luigi U / New Super Mario Bros. U Deluxe,BOSS_IN
Wendy,Super Mario Maker 2,BOSS_IN
Wiggler,Super Mario World / Super Mario World: Super Mario Advance 2,BOSS_IN
Wiggler,Mario Kart: Double Dash!!,BOSS_IN
Wiggler,Mario Party 2,BOSS_IN
Wiggler,Mario & Luigi: Superstar Saga / Mario & Luigi: Superstar Saga + Bowser's Minions,BOSS_IN
Wiggler,Super Mario 64 / Super Mario 64 DS,BOSS_IN
Wiggler,Mario Kart DS,BOSS_IN
Wiggler,Mario Party 3,BOSS_IN
Wiggler,Mario & Luigi: Partners in Time,BOSS_IN
Wiggler,Super Mario Sunshine,BOSS_IN
Wiggler,Mario Kart Wii,BOSS_IN
Wiggler,Mario Party 5,BOSS_IN
Wiggler,Mario & Luigi: Bowser's Inside Story / Mario & Luigi: Bowser's Inside Story + Bowser Jr.'s Journey,BOSS_IN
Wiggler,Super Mario Advance 4: Super Mario Bros. 3,BOSS_IN
Wiggler,Mario Kart 7,BOSS_IN
Wiggler,Mario Party 6,BOSS_IN
Wiggler,Mario & Luigi: Dream Team,BOSS_IN
Wiggler,New Super Mario Bros.,BOSS_IN
Wiggler,Mario Kart 8 / Mario Kart 8 Deluxe,BOSS_IN
Wiggler,Mario Party 7,BOSS_IN
Wiggler,Mario & Luigi: Paper Jam,BOSS_IN
Wiggler,Super Mario Galaxy,BOSS_IN
Wiggler,Mario Kart Tour,BOSS_IN
Wiggler,Mario Party 8,BOSS_IN
Wiggler,Mario & Luigi: Brothership,BOSS_IN
Wiggler,New Super Mario Bros. Wii,BOSS_IN
Wiggler,Mario Kart World,BOSS_IN
Wiggler,Mario Party DS,BOSS_IN
Wiggler,Super Mario Galaxy 2,BOSS_IN
Wiggler,Mario Party 9,BOSS_IN
Wiggler,New Super Mario Bros. 2,BOSS_IN
Wiggler,Mario Party: Island Tour,BOSS_IN
Wiggler,New Super Mario Bros. U / New Super Luigi U / New Super Mario Bros. U Deluxe,BOSS_IN
Wiggler,Mario Party 10,BOSS_IN
Wiggler,Super Mario Maker / Super Mario Maker for Nintendo 3DS,BOSS_IN
Wiggler,Mario Party: Star Rush,BOSS_IN
Wiggler,Super Mario Odyssey,BOSS_IN
Wiggler,Mario Party: The Top 100,BOSS_IN
Wiggler,Super Mario Maker 2,BOSS_IN
Wiggler,Super Mario Party,BOSS_IN
Wiggler,Super Mario Bros. Wonder,BOSS_IN
Wiggler,Super Mario Party Jamboree,BOSS_IN
