Title,Year,Console
"WarioWare, Inc.: Mega Microgame$!",2003,Game Boy Advance
WarioWare: Twisted!,2005,Game Boy Advance
WarioWare: Touched!,2005,Nintendo DS
Game & Wario,2014,Wii
Super Smash Bros. for Wii U,2014,Wii
Super Smash Bros. for Nintendo 3DS,2014,Nintendo 3DS
WarioWare Gold,2018,Nintendo 3DS
Super Smash Bros. Ultimate,2018,Nintendo Switch
WarioWare: Get It Together!,2021,Nintendo Switch
Tetris 99,2021,Nintendo Switch
WarioWare: Move It!,2023,Nintendo Switch
WarioWare: Twisted!,2004,Nintendo DS
WarioWare: Twisted!,2004,Game Boy Advance
WarioWare: Smooth Moves,2007,Wii
Super Smash Bros. Brawl,2008,Wii
WarioWare: D.I.Y. Showcase,2010,Wii
Game & Wario,2013,Wii U
Super Smash Bros. for Wii U,2014,Wii U
Rhythm Heaven Megamix,2015,Nintendo 3DS
Wario World,2003,Nintendo GameCube
"WarioWare, Inc.: Mega Party Game$!",2003,Nintendo GameCube
WarioWare: Touched!,2004,Nintendo DS
WarioWare: Smooth Moves,2006,Wii
Paper Airplane Chase,2008,Nintendo DSi
WarioWare: D.I.Y.,2009,Nintendo DS
WarioWare: D.I.Y. Showcase,2009,Wii
Mario Kart DS,2005,Nintendo DS
Super Mario Maker,2015,Wii U
Super Mario RPG,2023,Nintendo Switch
Daigassou! Band Brothers P,2015,Nintendo 3DS
Super Mario World 2: Yoshi's Island,1995,SNES
Yoshi's Island: Super Mario Advance 3,2002,Game Boy Advance
Mario Kart: Double Dash!!,2003,Nintendo GameCube
Yoshi Touch & Go,2005,Nintendo DS
Mario Superstar Baseball,2005,Nintendo GameCube
Mario & Luigi: Partners in Time,2005,Nintendo DS
Yoshi's Island DS,2006,Nintendo DS
Mario Kart Arcade GP 2,2007,Triforce Arcade
Mario Kart Wii,2008,Wii
Mario Super Sluggers,2008,Wii
Yoshi's New Island,2014,Nintendo 3DS
Mario Kart 8,2014,Wii U
Nintendo Badge Arcade,2014,Nintendo 3DS
Mario & Luigi: Paper Jam,2015,Nintendo 3DS
Mario Sports Superstars,2017,Nintendo 3DS
Mario Kart 8 Deluxe,2017,Nintendo Switch
Dr. Mario World,2019,"iOS, Android"
Mario Kart Tour,2019,"iOS, Android"
Mario Kart World,2025,Nintendo Switch 2
Mario Kart Tour,2019,iOS / Android
Dr. Mario World,2019,iOS / Android
Mario Golf,1999,Nintendo 64
Mario Golf,1999,Game Boy Color
Mario Tennis,2000,Nintendo 64
Mario Tennis,2001,Game Boy Color
Super Smash Bros. Melee,2001,Nintendo GameCube
Super Mario Advance 3 (remake),2002,Game Boy Advance
Mario Tennis Open,2012,Nintendo 3DS
Mario Kart Arcade GP DX,2015,Arcade
Super Mario Maker ( version 1.40 ),2016,Wii U
Diddy Kong Racing,1997,Nintendo 64
Mario Artist: Paint Studio,1999,Nintendo 64DD
Super Smash Bros. Ultimate,2019,Nintendo Switch
Donkey Kong Country,1994,SNES
Donkey Kong Land,1995,Game Boy
Donkey Kong Country 2: Diddy's Kong Quest,1995,SNES
Donkey Kong Land 2,1996,Game Boy
Donkey Kong Country 3: Dixie Kong's Double Trouble!,1996,SNES
Donkey Kong Land III,1997,Game Boy
Donkey Kong 64,1999,Nintendo 64
Donkey Kong Country (remake),2000,Game Boy Color
Donkey Kong Country (remake),2003,Game Boy Advance
Donkey Kong Country 2 (remake),2004,Game Boy Advance
Mario Power Tennis,2004,GameCube
DK: King of Swing,2005,Game Boy Advance
Super Mario Strikers,2005,GameCube
Donkey Kong Country 3 (remake),2005,Game Boy Advance
Mario Strikers Charged,2007,Wii
Donkey Kong Barrel Blast,2007,Wii
DK: Jungle Climber,2007,Nintendo DS
Yume Kōjō: Doki Doki Panic,1987,Family Computer Disk System
Super Mario Bros. 2,1988,NES
Mario's Egg Catch,1990,Super Mario Bros. Watch
Super Mario Bros. & Friends: When I Grow Up,1991,DOS
Super Mario All-Stars,1993,SNES
Wario's Woods,1994,NES/SNES
Super Mario All-Stars + Super Mario World,1994,SNES
Super Mario RPG: Legend of the Seven Stars,1996,SNES
Super Mario Advance,2001,Game Boy Advance
Mario Golf: Toadstool Tour,2003,Nintendo GameCube
Mario & Luigi: Superstar Saga,2003,Game Boy Advance
Mario Golf: Advance Tour,2004,Game Boy Advance
Yakuman DS,2005,Nintendo DS
Mario Party 7,2005,Nintendo GameCube
Mario Hoops 3-on-3,2006,Nintendo DS
Mario Party 8,2007,Wii
Itadaki Street DS,2007,Nintendo DS
Mario Kart Arcade GP 2,2008,Triforce /Arcade
Mario Party Fushigi no Korokoro Catcher,2008,Arcade
Captain Rainbow,2008,Wii
Mario & Sonic at the Olympic Winter Games,2009,Wii Nintendo DS
Super Mario All-Stars Limited Edition,2010,Wii
Mario Sports Mix,2010,Wii
Mario & Sonic at the London 2012 Olympic Games,2011,Wii
Fortune Street,2011,Wii
Mario Party 9,2012,Wii
Paper Mario: Sticker Star,2012,Nintendo 3DS
Mario & Sonic at the Sochi 2014 Olympic Winter Games,2013,Wii U
Mario Party: Island Tour,2013,Nintendo 3DS
NES Remix 2,2014,Wii U
Mario Golf: World Tour,2014,Nintendo 3DS
Ultimate NES Remix,2014,Nintendo 3DS
Mario & Sonic at the Rio 2016 Olympic Games,2016,Nintendo 3DS
Mario Party Challenge World,2016,Arcade
Minecraft: Wii U Edition,2016,Wii U
Mario & Sonic at the Rio 2016 Olympic Games,2016,Wii U
Paper Mario: Color Splash,2016,Wii U
Minecraft: Nintendo Switch Edition,2017,Nintendo Switch
Mario & Luigi: Superstar Saga + Bowser's Minions,2017,Nintendo 3DS
Mario Party: The Top 100,2017,Nintendo 3DS
Minecraft: New Nintendo 3DS Edition,2018,New Nintendo 3DS
Minecraft: Bedrock Edition,2018,Nintendo Switch
Mario Tennis Aces (version 2.0.0),2018,Nintendo Switch
Super Mario Party,2018,Nintendo Switch
Super Mario Maker 2 (version 3.0.0),2020,Nintendo Switch
Paper Mario: The Origami King,2020,Nintendo Switch
Mario Golf: Super Rush,2021,Nintendo Switch
Mario Party Superstars,2021,Nintendo Switch
Mario Strikers: Battle League (version 1.3.0),2022,Nintendo Switch
Nintendo World Championships: NES Edition,2024,Nintendo Switch
Super Mario Party Jamboree,2024,Nintendo Switch
Mario & Luigi: Brothership,2024,Nintendo Switch
Mario & Sonic at the Olympic Games,2007,Wii
Mario & Sonic at the Olympic Games,2008,Nintendo DS
Mario & Sonic at the Olympic Winter Games,2009,"Wii, Nintendo DS"
Mario & Sonic at the London 2012 Olympic Games,2012,Nintendo 3DS
Mario & Sonic at the Rio 2016 Olympic Games Arcade Edition,2016,Arcade
Mario & Sonic at the Olympic Games Tokyo 2020,2019,Nintendo Switch
Super Mario Bros.: The Lost Levels,1986,Family Computer Disk System
Super Mario Bros. Deluxe,1999,Game Boy Color
Game & Watch: Super Mario Bros.,2020,Game & Watch
Super Mario Bros.,1985,NES
VS. Super Mario Bros.,1986,Arcade
Super Mario Bros.: The Lost Levels,1986,Famicom Disk System
Super Mario Bros. Special,1986,"NEC PC-88, X1"
All Night Nippon: Super Mario Bros.,1986,Famicom Disk System
Super Mario Bros.,1986,Game & Watch
I am a teacher: Super Mario Sweater,1986,Famicom Disk System
Super Mario Bros. 3,1988,NES
Super Mario Bros.,1989,Nelsonic Game Watch
Super Mario World,1990,SNES
Super Mario Bros. 3,1990,Nelsonic Game Watch
Super Mario World,1991,Nelsonic Game Watch
Mario Roulette,1991,Arcade
Mario Teaches Typing,1991,MS-DOS
Super Mario Bros. & Friends: When I Grow Up,1991,MS-DOS
Super Mario Kart,1991,SNES
Mario is Missing!,1992,MS-DOS
Mario is Missing!,1993,SNES
Mario is Missing!,1993,NES
Mario Undōkai,1993,Arcade
Super Mario All-Stars + Super Mario World,1993,SNES
Yoshi's Safari,1993,SNES
Mario's Time Machine,1993,MS-DOS
Mario's Time Machine,1993,SNES
Mario's Time Machine,1994,NES
Mario's Early Years! Fun with Numbers,1994,"SNES, MS-DOS"
Mario's Early Years! Fun with Letters,1994,"SNES, MS-DOS"
Mario's Early Years! Preschool Fun,1994,"SNES, MS-DOS"
Hotel Mario,1994,Philips CD-i
Mario's Game Gallery,1995,MS-DOS
Mario Clash,1995,Virtual Boy
Super Mario 64,1996,Nintendo 64
Mario Teaches Typing 2,1996,MS-DOS
Mario Kart 64,1996,Nintendo 64
Mario Net Quest,1997,Browser
Wrecking Crew '98,1998,Super Famicom
Mario's FUNdamentals,1998,MS-DOS
Mario Party,1998,Nintendo 64
Mario Party 2,1999,Nintendo 64
Paper Mario,2000,Nintendo 64
Mario Tennis,2000,Game Boy Color
Mario Party 3,2000,Nintendo 64
Mario Kart: Super Circuit,2001,Game Boy Advance
Super Mario World: Super Mario Advance 2,2000,Game Boy Advance
Super Mario Sunshine,2002,Nintendo GameCube
Mario Party 4,2002,Nintendo GameCube
Mario Party-e,2003,e-Reader
Super Mario Fushigi no Janjan Land,2003,Arcade
Nintendo Puzzle Collection,2003,Nintendo GameCube
Super Mario Advance 4: Super Mario Bros. 3,2003,Game Boy Advance
Mario Party 5,2003,Nintendo GameCube
Mario Golf: Advance Tour,2004,Nintendo GameCube
Paper Mario: The Thousand-Year Door,2004,Nintendo GameCube
Mario Pinball Land,2004,Game Boy Advance
Super Mario Fushigi no Korokoro Party,2004,Arcade
Mario Power Tennis,2004,Nintendo GameCube
Mario Party 6,2004,Nintendo GameCube
Super Mario 64 DS,2004,Nintendo DS
Mario Party Advance,2005,Game Boy Advance
Dance Dance Revolution: Mario Mix,2005,Nintendo GameCube
Mario Tennis: Power Tour,2005,Game Boy Advance
Super Mario Fushigi no Korokoro Party 2,2005,Arcade
Mario Kart Arcade GP,2005,Arcade
Super Princess Peach,2005,Nintendo DS
Super Mario Strikers,2005,Nintendo GameCube
New Super Mario Bros.,2006,Nintendo DS
Mario Kart Arcade GP 2,2007,Arcade
Super Paper Mario,2007,Wii
Super Mario Galaxy,2007,Wii
Mario Party DS,2007,Nintendo DS
New Play Control! Mario Power Tennis,2009,Wii
Mario Party Fushigi no Korokoro Catcher,2009,Arcade
Mario & Luigi: Bowser's Inside Story,2009,Nintendo DS
New Super Mario Bros. Wii,2009,Wii
Super Mario Galaxy 2,2010,Wii
Super Mario 3D Land,2011,Nintendo 3DS
Mario Kart 7,2011,Nintendo 3DS
New Super Mario Bros. 2,2012,Nintendo 3DS
New Super Mario Bros. U,2012,Wii U
New Super Luigi U,2013,Wii U
Mario & Luigi: Dream Team,2013,Nintendo 3DS
Mario Kart Arcade GP DX,2013,Arcade
New Super Mario Bros. U + New Super Luigi U,2013,Wii U
Super Mario 3D World,2013,Wii U
Mario Party 10,2015,Wii U
Puzzle & Dragons: Super Mario Bros. Edition,2015,Nintendo 3DS
Skylanders: SuperChargers,2015,Wii U
Mario Tennis: Ultra Smash,2015,Wii U
Mario & Sonic at the Rio 2016 Olympic Games,2016,"Nintendo 3DS, Arcade, Wii U"
Mario Party: Star Rush,2016,Nintendo 3DS
Super Mario Maker for Nintendo 3DS,2016,Nintendo 3DS
Super Mario Run,2016,"iOS, Android"
Skylanders: Imaginators,2017,Nintendo Switch
Mario + Rabbids Kingdom Battle,2017,Nintendo Switch
Super Mario Odyssey,2017,Nintendo Switch
Mario Tennis Aces,2018,Nintendo Switch
Mario & Luigi: Bowser's Inside Story + Bowser Jr.'s Journey,2018,Nintendo 3DS
New Super Mario Bros. U Deluxe,2019,Nintendo Switch
Super Mario Maker 2,2019,Nintendo Switch
Super Mario 3D All-Stars,2020,Nintendo Switch
Super Mario 3D World + Bowser's Fury,2021,Nintendo Switch
Mario + Rabbids Sparks of Hope,2022,Nintendo Switch
Super Mario Bros. Wonder,2023,Nintendo Switch
Paper Mario: The Thousand-Year Door,2024,Nintendo Switch
Mario & Sonic at the London 2012 Olympic Games,2011,"Wii, Nintendo 3DS"
Mario Kart 8,2015,Wii U
Dr. Mario World,2019,iOS/Android
Mario Kart Tour,2019,iOS/Android
Mario & Sonic at the Olympic Games Tokyo 2020,2019,"Nintendo Switch, Arcade"
Mario Kart Live: Home Circuit,2020,Nintendo Switch
Mario Strikers: Battle League,2022,Nintendo Switch
VS. Pinball,1984,VS. System
WarioWare: D.I.Y. Showcase,2009,Wii ( WiiWare )
Super Mario Run,2017,"iOS, iPadOS, Android"
Taiko no Tatsujin Blue ver.,2018,Arcade
Animal Crossing: Pocket Camp,2018,"iOS, iPadOS, Android"
Ring Fit Adventure,2019,Nintendo Switch
Animal Crossing: Pocket Camp Complete,2024,"iOS, iPadOS, Android"
Wario Land: Super Mario Land 3,1994,Game Boy
Wario Land II,1998,Game Boy
Picross NP,2000,SNES
Wario Land: Shake It!,2008,Wii
Animal Crossing: New Horizons,2020,Nintendo Switch
Captain Toad: Treasure Tracker,2014,Wii U
Super Mario Maker,2016,Wii U
Captain Toad: Treasure Tracker,2018,Nintendo Switch / Nintendo 3DS
Donkey Kong Country,1994,Super Nintendo Entertainment System
Donkey Kong Country 2: Diddy's Kong Quest,1995,Super Nintendo Entertainment System
Donkey Kong Country 3: Dixie Kong's Double Trouble!,1996,Super Nintendo Entertainment System
Picross NP Vol. 8,2000,Super Nintendo
Donkey Kong Country,2000,Game Boy Color
Donkey Kong Country,2003,Game Boy Advance
Donkey Konga,2003,Nintendo GameCube
Donkey Konga 2,2004,Nintendo GameCube
Donkey Kong Country 2,2004,Game Boy Advance
Donkey Konga 3 JP,2005,Nintendo GameCube
Donkey Kong Country 3,2005,Game Boy Advance
Donkey Kong Country Returns,2010,Wii
Donkey Kong Country Returns 3D,2013,Nintendo 3DS
Donkey Kong Country: Tropical Freeze,2014,Wii U
Super Smash Bros. for Nintendo 3DS / Wii U,2014,"Nintendo 3DS, Wii U"
Donkey Kong Country: Tropical Freeze,2018,Nintendo Switch
Donkey Kong Country Returns HD,2025,Nintendo Switch
Diddy Kong Racing DS,2007,Nintendo DS
WarioWare: D.I.Y. Showcase,2009,WiiWare
Mario & Sonic at the Rio 2016 Olympic Games,2016,"Nintendo 3DS, Wii U"
Mario Kart Tour,2019,Mobile
Dr. Mario World,2019,Mobile
Clubhouse Games: 51 Worldwide Classics,2020,Nintendo Switch
Mario Strikers: Battle League (version 1.2.0),2022,Nintendo Switch
Donkey Kong Jr.,1982,Arcade
Donkey Kong Jr.,1982,Game & Watch
Donkey Kong II,1983,Game & Watch
Donkey Kong Jr.,1983,Game & Watch
Donkey Kong Jr. + Jr. Sansū Lesson,1983,Family Computer
Donkey Kong Jr. Math,1983,Family Computer/ NES
Punch-Out!!,1984,Arcade
Super Punch-Out!!,1984,Arcade
Donkey Kong Classics,1988,Nintendo Entertainment System
Super Mario Kart,1992,Super Famicom / SNES
Super Mario All-Stars,1993,Super Famicom / SNES
Donkey Kong,1994,Game Boy
Mario's Time Machine,1994,Nintendo Entertainment System
Super Mario All-Stars + Super Mario World,1994,Super Nintendo Entertainment System
Mario's Tennis,1995,Virtual Boy
Game & Watch Gallery,1997,Game Boy
Game & Watch Gallery 2,1997,Game Boy
Game & Watch Gallery 3,1999,Game Boy Color
Doubutsu no Mori,2001,Nintendo 64
Animal Crossing,2001,Nintendo GameCube
Game & Watch Gallery 4,2002,Game Boy Advance
"Donkey Kong, Donkey Kong Junior, Mario Bros.",2004,Arcade
Tetris DS,2006,Nintendo DS
NES Remix,2013,Wii U
NES Remix Pack,2014,Wii U
Mario & Sonic at the Olympic Winter Games,2009,Nintendo DS
Dr. Mario,1990,NES Game Boy Nintendo Vs. System Nintendo PlayChoice-10
The Doctor Is In... Over His Head,1990,Nintendo Comics System
Süße Weihnachten,1991,Club Nintendo
Super Mario-Kun,1991,Manga
Dr. Mario,1992,Gamewatch Boy
Tetris & Dr. Mario,1994,SNES
Dr. Mario BS Version,1997,Satellaview
Dr. Mario 64,2001,Nintendo 64
Classic NES Series: Dr. Mario,2004,Game Boy Advance
Dr. Mario & Puzzle League,2005,Game Boy Advance
Dr. Mario Online Rx,2008,Wii ( WiiWare )
Dr. Mario Express,2008,Nintendo DSi ( DSiWare )
Dr. Mario: Miracle Cure,2015,Nintendo 3DS
Yoshi's Woolly World,2015,Wii U
Poochy & Yoshi's Woolly World,2017,Nintendo 3DS
Donkey Kong,1981,"Arcade, Nintendo Entertainment System"
Crazy Kong,1981,Arcade
Crazy Kong Part II,1981,Arcade
Donkey Kong,1982,Game & Watch
Donkey Kong,1982,Coleco tabletop arcade game
Donkey Kong Jr.,1982,"Arcade, Nintendo Entertainment System"
Donkey Kong 3,1983,"Arcade, Nintendo Entertainment System"
Donkey Kong Jr. Math,1983,Nintendo Entertainment System
Donkey Kong 3: Dai Gyakushū,1984,"NEC PC-88, NEC PC-6601, Sharp X1"
Donkey Kong 3,1984,Game & Watch
Donkey Kong Circus,1984,Game & Watch
Donkey Kong Hockey,1984,Game & Watch
Tetris,1989,Nintendo Entertainment System
F-1 Race,1990,Game Boy
NES Open Tournament Golf,1991,Nintendo Entertainment System
Mario is Missing! CD-ROM Deluxe,1994,MS-DOS
Donkey Kong,1994,Nelsonic Game Watch
Super Smash Bros.,1999,Nintendo 64
Picross NP Vol. 8,2000,Super Nintendo Entertainment System
"WarioWare, Inc.: Mega Microgames!",2003,Game Boy Advance
Mario vs. Donkey Kong,2004,Game Boy Advance
Donkey Kong Jungle Beat,2005,Nintendo GameCube
Mario vs. Donkey Kong 2: March of the Minis,2006,Nintendo DS
Punch-Out!!,2009,Wii
Mario vs. Donkey Kong: Minis March Again!,2009,Nintendo DSi
Mario vs. Donkey Kong: Mini-Land Mayhem!,2010,Nintendo DS
Club Nintendo Picross,2012,Nintendo 3DS
Mario and Donkey Kong: Minis on the Move,2013,Nintendo 3DS
Club Nintendo Picross+,2014,Nintendo 3DS
Mario vs. Donkey Kong: Tipping Stars,2015,"Wii U, Nintendo 3DS"
Mini Mario & Friends: amiibo Challenge,2016,Wii U
Mario vs. Donkey Kong,2024,Nintendo Switch
WarioWare: D.I.Y. Showcase,2009,Nintendo DS
Minecraft: Bedrock Edition (The Wild Update),2022,Nintendo Switch
Mario & Sonic at the Olympic Winter Games,2009,Wii
Mario & Sonic at the Sochi 2014 Olympic Winter Games,2014,Wii U
Wrecking Crew,1985,Family Computer / Nintendo Entertainment System
Mobile Golf,2001,"Game Boy Color, Mobile Adapter GB"
Super Smash Bros. for Nintendo 3DS / Wii U,2014,Nintendo 3DS / Wii U
Super Mario RPG: Legend of the Seven Stars,1996,Super Nintendo Entertainment System
Super Smash Bros. for Nintendo 3DS,2015,Nintendo 3DS
Super Smash Bros. for Wii U,2015,Wii U
Luigi's Mansion,2018,Nintendo 3DS
Luigi's Mansion 3,2019,Nintendo Switch
Super Smash Bros. for Nintendo 3DS,2014,Wii U
Super Smash Bros. for Wii U,2014,Nintendo 3DS
WarioWare: Snapped!,2008,DSiWare
Donkey Kong GB: Dinky Kong & Dixie Kong (port),2000,Game Boy Color
Luigi's Mansion,2001,Nintendo GameCube
Luigi's Mansion: Dark Moon,2013,Nintendo 3DS
Luigi's Mansion Arcade,2015,Arcade
Mario Kart Arcade GP DX,2017,Arcade
Tetris 99,2019,Nintendo Switch
Mario Kart Live: Home Circuit (version 2.0.0),2021,Nintendo Switch
Luigi's Mansion 2 HD,2024,Nintendo Switch
Super Mario Run (version 3.2.0),2024,"iOS, Android"
Mario & Sonic at the Olympic Winter Games,2009,"Nintendo DS, Wii"
Mario & Sonic at the Rio 2016 Olympic Games,2016,"Nintendo 3DS, Wii U, Arcade"
Super Mario Bros. & Friends: When I Grow Up,1992,MS-DOS
Donkey Kong Country 2 (GBA remake),2004,Game Boy Advance
Mario Kart 8 ( The Legend of Zelda × Mario Kart 8 ),2014,Wii U
Super Mario Maker 2 (version 2.0),2019,Nintendo Switch
Mario Bros.,1983,Game & Watch
Mario Bros.,1983,"Arcade, NES"
Mario Bros. Special,1984,NEC PC-88
Punch Ball Mario Bros.,1984,NEC PC-88
Family BASIC,1984,
VS. Wrecking Crew,1984,Arcade
Wrecking Crew,1985,NES
Super Mario Bros.: The Lost Levels,1986,NES (Disk System)
I am a teacher: Super Mario Sweater,1986,NES (Disk System)
All Night Nippon: Super Mario Bros.,1986,NES (Disk System)
Golf: Japan Course,1987,NES (Disk System)
Famicom Grand Prix II: 3D Hot Rally,1988,NES (Disk System)
Mario Bros. Returns,1988,NES (Disk System)
Tetris,1989,"Game Boy, NES"
Luigi's Hammer Toss,1990,Super Mario Bros. Watch
Yoshi,1991,"NES, Game Boy"
Super Mario Bros. Print World,1991,MS-DOS
Super Mario Bros. (pinball),1992,Arcade
Super Mario Kart,1992,SNES
Super Mario World,1993,Arcade
Mario & Wario,1993,SNES
Mario's Early Years! Fun with Numbers,1994,"MS-DOS, SNES"
Mario's Early Years! Preschool Fun,1994,"MS-DOS, SNES"
Hotel Mario,1994,CD-i
Mario Bowl,1995,Arcade
Excitebike: Bun Bun Mario Battle,1997,Satellaview
Wrecking Crew '98 ',1998,SNES
Super Mario Bros. Deluxe,1999,GBC
Game & Watch Gallery 3,1999,GBC
Mario Golf,1999,GBC
Mario Tennis,2000,GBC
Super Mario Advance,2001,GBA
Mario Kart: Super Circuit,2001,GBA
Mario Family,2001,GBC
Luigi's Mansion,2001,GameCube
Super Smash Bros. Melee,2001,GameCube
Super Mario World: Super Mario Advance 2,2001,GBA
Yoshi's Island: Super Mario Advance 3,2002,GBA
Mario Party 4,2002,GameCube
Game & Watch Gallery 4,2002,GBA
Mario Bros.-e,2002,E-Reader
Mario Party-e,2003,E-Reader
Super Mario Advance 4: Super Mario Bros. 3,2003,GBA
Mario Golf: Toadstool Tour,2003,GameCube
Mario Kart: Double Dash!!,2003,GameCube
Mario Party 5,2003,GameCube
Mario & Luigi: Superstar Saga,2003,GBA
Classic NES Series: Super Mario Bros.,2004,GBA
Mario Golf: Advance Tour,2004,GBA
Famicom Mini: Wrecking Crew,2004,GBA
Donkey Konga 2,2004,GameCube
Paper Mario: The Thousand-Year Door,2004,GameCube
Famicom Mini: Super Mario Bros. 2,2004,GBA
WarioWare: Twisted!,2004,GBA
Mario Party 6,2004,GameCube
Mario Party Advance,2005,GBA
NBA Street V3,2005,GameCube
Dance Dance Revolution: Mario Mix,2005,GameCube
Mario Superstar Baseball,2005,GameCube
Mario Tennis: Power Tour,2005,GBA
SSX on Tour,2005,GameCube
Mario Party 7,2005,GameCube
Mario Calculator,2009,Nintendo DSi
Mario Clock,2009,Nintendo DSi
New Super Mario Bros. Wii Coin World,2011,Arcade
Mario Party Fushigi no Korokoro Catcher 2,2013,Arcade
Dr. Luigi,2013,Wii U ( Nintendo eShop )
Ultimate NES Remix,2014,Wii U
Minecraft: Wii U Edition,2015,Wii U
Mario & Sonic at the Rio 2016 Olympic Games,2016,"Wii U, Nintendo 3DS"
Mario Party Superstars,2017,Nintendo 3DS
Mario Kart Arcade GP VR,2017,Arcade
Minecraft: New Nintendo 3DS Edition,2017,New Nintendo 3DS
Super Mario Odyssey (later updates),2018,Nintendo Switch
Mario & Luigi: Bowser's Inside Story + Bowser Jr.'s Journey,2018,Nintendo Switch
Mario Kart Tour ( 2019 Halloween Tour onwards),2019,"iOS, Android"
Mario & Sonic at the Olympic Games Tokyo 2020 - Arcade Edition,2020,Arcade
Super Mario Bros. 35,2020,Nintendo Switch
Donkey Kong,1981,Arcade
Mario's Cement Factory,1983,Game & Watch
Mario Bros.,1983,Arcade
Mario's Bombs Away,1983,Game & Watch
Pinball,1984,Nintendo Entertainment System
Golf,1984,Nintendo Entertainment System
Stroke & Match Golf,1984,VS. System
VS. Wrecking Crew,1984,VS. System
Mario Bros. Special,1984,Home computers
Punch Ball Mario Bros.,1984,Home computers
Wrecking Crew,1985,Nintendo Entertainment System
Super Mario Bros.,1985,Nintendo Entertainment System
VS. Super Mario Bros.,1986,VS. System
I am a teacher: Super Mario Sweater,1986,Family Computer Disk System
All Night Nippon: Super Mario Bros.,1986,Family Computer Disk System
Golf: Japan Course,1987,Family Computer Disk System
Golf: US Course,1987,Family Computer Disk System
Famicom Grand Prix: F1 Race,1987,Family Computer Disk System
Famicom Grand Prix II: 3D Hot Rally,1988,Family Computer Disk System
Super Mario Bros. 2,1988,Nintendo Entertainment System
Super Mario Bros. 3,1988,Nintendo Entertainment System
Mario Bros. Returns,1988,Family Computer Disk System
Pinball,1989,Family Computer Disk System
Tetris,1989,Game Boy
Wrecking Crew,1989,Family Computer Disk System
Alleyway,1989,Game Boy
Super Mario Land,1989,Game Boy
Dr. Mario,1990,Nintendo Entertainment System
Dr. Mario,1990,Game Boy
VS. Dr. Mario,1990,VS. System
Super Mario World,1990,Super Nintendo Entertainment System
Mario Teaches Typing,1991,Personal computer
Super Mario Bros. & Friends: When I Grow Up,1991,Personal computer
Mario the Juggler,1991,Game & Watch
Yoshi,1991,Game Boy
Yoshi,1991,Nintendo Entertainment System
Mario is Missing!,1992,Personal computer
Mario is Missing!,1992,Super Nintendo Entertainment System
Super Mario Bros.,1992,Arcade
Super Mario Bros. Mushroom World,1992,Arcade
Terebi Denwa: Super Mario World,1992,Arcade
Super Mario Kart,1992,Super Nintendo Entertainment System
Mario Paint,1992,Super Nintendo Entertainment System
Yoshi's Cookie,1992,Nintendo Entertainment System
Yoshi's Cookie,1992,Game Boy
Super Mario Race,1992,Gamewatch Boy
Super Mario Land 2: 6 Golden Coins,1992,Game Boy
Būbū Mario,1993,Arcade
Mario's Time Machine,1993,Personal computer
Mario is Missing!,1993,Nintendo Entertainment System
Mario's Time Machine,1993,Super Nintendo Entertainment System
Mario & Wario,1993,Super Nintendo Entertainment System
Super Mario All-Stars,1993,Super Nintendo Entertainment System
Mario's Early Years! Fun with Letters,1993,Super Nintendo Entertainment System
Mario's Early Years! Fun with Numbers,1993,Super Nintendo Entertainment System
Mario's Early Years! Preschool Fun,1993,Super Nintendo Entertainment System
Yoshi's Cookie,1993,Super Nintendo Entertainment System
Yoshi's Safari,1993,Super Nintendo Entertainment System
Super Mario World 2: Yoshi's Island,1995,Super Nintendo Entertainment System
Mario Teaches Typing 2,1996,Personal computer
Wrecking Crew '98,1998,Satellaview
Super Mario Bros. Deluxe,1998,Game Boy Color
Mario Golf,1998,Nintendo 64
Mobile Golf,2001,Game Boy Color
Super Mario World: Super Mario Advance 2,2001,Game Boy Advance
Yakuman DS,2004,Nintendo DS
NBA Street V3,2005,Nintendo GameCube
SSX on Tour,2005,Nintendo GameCube
Super Princess Peach,2006,Nintendo DS
Mario & Sonic at the Olympic Games,2007,Nintendo DS
Game & Watch Collection,2008,Nintendo DS
Mario Power Tennis (New Play Control!),2008,Wii
Mario Party Kurukuru Carnival,2012,Arcade
Mario and Donkey Kong: Minis on the Move,2013,Nintendo 3DS ( eShop )
Super Mario Run,2016,iOS
Super Mario Run,2017,Android
WarioWare Twisted Marble Maze Game,2005,Adobe Shockwave
WarioWare: Snapped!,2008,Nintendo DSi
Game & Watch Gallery,1994,Game Boy
Nintendo Land,2012,Wii U
Yoshi's Story,1997,Nintendo 64
Pinball,1984,Family Computer
Family BASIC,1984,Family Computer
Family BASIC V3,1985,Family Computer
Game & Watch Gallery 2,1998,"Game Boy, Game Boy Color"
Classic NES Series: Donkey Kong,2004,Game Boy Advance
Game & Watch Collection,2006,Nintendo DS
Mario vs. Donkey Kong: Minis March Again!,2009,DSiWare
Puzzle Swap,2013,Nintendo 3DS ( StreetPass Mii Plaza )
Mario vs. Donkey Kong: Tipping Stars,2015,Nintendo 3DS / Wii U
Super Mario Run,2017,iOS / Android
Mario Tennis Aces (version 2.3.0),2019,Nintendo Switch
Ring Fit Adventure,2020,Nintendo Switch
"Mario Kart 8 Deluxe ( Booster Course Pass, Wave 6)",2023,Nintendo Switch
Donkey Kong Bananza,2025,Nintendo Switch 2
Dr. Mario World,2021,iOS / Android
Super Mario Fushigi no Korokoro Party 2,2006,Arcade
StreetPass Mii Plaza,2012,Nintendo 3DS
Mario Party Whirling Carnival,2012,Arcade
Miitomo,2016,"iOS, Android"
Mario's Early Years! Fun with Letters,1993,"Super Nintendo Entertainment System, MS-DOS"
Excitebike: Bun Bun Mario Battle Stadium (Ep. 3),1997,Satellaview
Super Mario Fushigi no Korokoro Party,2005,Arcade
Picross NP Vol.8,2000,Super Famicom
Donkey Kong Country (GBC remake),2000,Game Boy Color
Donkey Kong Country (GBA remake),2003,Game Boy Advance
Mario + Rabbids Kingdom Battle ( Donkey Kong Adventure DLC),2018,Nintendo Switch
Super Smash Bros Ultimate,2018,Nintendo Switch
Tetris Attack,1996,SNES
Super Smash Bros. for Nintendo 3DS,2014,"Nintendo 3DS, Wii U"
Mario Kart 8 (as of version 4.0),2015,Wii U
Picross NP Vol. 8,2000,Super Famicom
Green House,1982,Game & Watch
Donkey Kong 3,1983,Arcade
Donkey Kong 3: Dai Gyakushū,1984,NEC PC-88 /Sharp X1/PC-6601
Game & Watch Gallery 2,1997,Game Boy / Game Boy Color
Mario & Luigi: Paper Jam,2016,Nintendo 3DS
Timber's Balloon Pop,2007,Internet browser
Paper Mario: The Thousand-Year Door (Nintendo Switch),2024,Nintendo Switch
Wario's Woods,1994,"Nintendo Entertainment System, Super Nintendo Entertainment System"
Mario Golf (Nintendo 64),1999,Nintendo 64
Mario Tennis (Nintendo 64),2000,Nintendo 64
Mario Tennis (Game Boy Color),2000,Game Boy Color
Mario Party: Island Tour,2014,Nintendo 3DS
Mario & Sonic at the Rio 2016 Olympic Games (Wii U),2016,Wii U
The Legend of Zelda: Link's Awakening,1993,Game Boy
BS Super Mario USA,1996,Super Famicom ( Satellaview )
The Legend of Zelda: Link's Awakening DX,1998,Game Boy Color
The Legend of Zelda: Link's Awakening,2019,Nintendo Switch
Game & Watch: The Legend of Zelda,2021,Game & Watch
Mario Tennis,2000,N/A
Mario Party 3,2000,N/A
Super Smash Bros. Melee,2001,N/A
Mario Party 4,2002,N/A
Game & Watch Gallery 4,2002,N/A
Mario Party-e,2003,N/A
Mario Golf: Toadstool Tour,2003,N/A
Mario Kart: Double Dash!!,2003,N/A
Mario Party 5,2003,N/A
Mario Golf: Advance Tour,2004,N/A
Super Mario Fushigi no Korokoro Party,2004,N/A
Mario Power Tennis,2004,N/A
Mario Party 6,2004,N/A
Yakuman DS,2005,N/A
Dance Dance Revolution: Mario Mix,2005,N/A
Mario Superstar Baseball,2005,N/A
Mario Tennis: Power Tour,2005,N/A
Super Mario Fushigi no Korokoro Party 2,2005,N/A
Mario Kart Arcade GP,2005,N/A
Mario Party 7,2005,N/A
Mario Kart DS,2005,N/A
Super Mario Strikers,2005,N/A
Mario Hoops 3-on-3,2006,N/A
Mario Kart Arcade GP 2,2007,N/A
Mario Strikers Charged,2007,N/A
Mario Party 8,2007,N/A
Itadaki Street DS,2007,N/A
Mario & Sonic at the Olympic Games,2007,N/A
Mario Party DS,2007,N/A
Super Smash Bros. Brawl,2008,N/A
Mario Kart Wii,2008,N/A
Mario Super Sluggers,2008,N/A
New Play Control! Mario Power Tennis,2009,N/A
Mario Party Fushigi no Korokoro Catcher,2009,N/A
Mario & Sonic at the Olympic Winter Games,2009,N/A
Mario Sports Mix,2010,N/A
Mario & Sonic at the London 2012 Olympic Games,2011,N/A
Mario Kart 7,2011,N/A
Fortune Street,2011,N/A
Mario Party 9,2012,N/A
Mario Party Whirling Carnival,2012,N/A
StreetPass Mii Plaza,2012,N/A
Mario Tennis Open,2012,N/A
Mario Kart Arcade GP DX,2013,N/A
Mario & Sonic at the Sochi 2014 Olympic Winter Games,2013,N/A
Mario Party: Island Tour,2013,N/A
Mario Golf: World Tour,2014,N/A
Mario Kart 8,2014,N/A
Super Smash Bros. for Nintendo 3DS,2014,N/A
Super Smash Bros. for Wii U,2014,N/A
Mario Party 10,2015,N/A
Super Mario Maker,2015,N/A
Mario Tennis: Ultra Smash,2015,N/A
Mario & Sonic at the Rio 2016 Olympic Games,2016,N/A
Minecraft: Wii U Edition,2016,N/A
Mario & Sonic at the Rio 2016 Olympic Games Arcade Edition,2016,N/A
Mario Party Fushigi no Challenge World,2016,N/A
Mario Party: Star Rush,2016,N/A
Mario Sports Superstars,2017,N/A
Mario Kart 8 Deluxe,2017,N/A
Minecraft: Nintendo Switch Edition,2017,N/A
Hey! Pikmin,2017,N/A
Mario + Rabbids Kingdom Battle,2017,N/A
Mario Party: The Top 100,2017,N/A
Minecraft: New Nintendo 3DS Edition,2018,N/A
Minecraft: Bedrock Edition,2018,N/A
Mario Tennis Aces,2018,N/A
Super Mario Party,2018,N/A
Super Smash Bros. Ultimate,2018,N/A
Dr. Mario World,2019,N/A
Mario Kart Tour,2019,N/A
Luigi's Mansion 3,2019,N/A
Mario & Sonic at the Olympic Games Tokyo 2020,2019,N/A
Mario & Sonic at the Olympic Games Tokyo 2020 - Arcade Edition,2020,N/A
Mario Golf: Super Rush,2021,N/A
Mario Party Superstars,2021,N/A
Mario Strikers: Battle League,2022,N/A
Super Mario Party Jamboree,2024,N/A
WarioWare: Smooth Moves,2006,N/A
WarioWare: D.I.Y.,2009,N/A
Rhythm Heaven Fever,2011,N/A
Game & Wario,2013,N/A
Rhythm Heaven Megamix,2015,N/A
WarioWare Gold,2018,N/A
WarioWare: Get It Together!,2021,N/A
Tetris 99,2021,N/A
WarioWare: Move It!,2023,N/A
Mario Paint,1992,SNES
Yoshi no Cookie: Kuruppon Oven de Cookie,1994,SNES
Mario's Early Years! Preschool Fun,1994,SNES
Super Mario Attack,1996,Arcade
Mario Paint: BS Ban,1997,Satellaview
BS Mario Paint: Yuushou Naizou Ban,1997,Satellaview
Mario no Photopi,1998,Nintendo 64
Mario Artist: Polygon Studio,2000,Nintendo 64DD
Mario Family,2001,Game Boy Color
Yoshi Topsy-Turvy,2004,Game Boy Advance
Yoshi's Crafted World,2019,Nintendo Switch
Mario + Rabbids Sparks of Hope (mentioned),2022,Nintendo Switch
The Super Mario Bros. Movie (voice only),2023,Film
